Exports from /home/user/wt-stepadj/src/RcppR6.cpp:
   plant::Leaf Leaf__ctor(double vcmax_25, double c, double b, double psi_crit, double root_c, double root_b, double root_psi_crit, double beta2, double jmax_25, double a, double curv_fact_elec_trans, double curv_fact_colim, double GSS_tol_abs, double vulnerability_curve_ncontrol, double ci_abs_tol, double ci_niter, double g1_TF24, double beta_R_H, double beta_R_V)
   void Leaf__initialize_integrator(plant::RcppR6::RcppR6<plant::Leaf> obj_, int integration_rule, double integration_tol)
   void Leaf__set_physiology(plant::RcppR6::RcppR6<plant::Leaf> obj_, double area_leaf, const std::vector<double>& mass_root_prop, double rho, double a_bio, double PPFD, const std::vector<double>& psi_soil, const std::vector<double>& soil_depth, double leaf_specific_conductance_max, double atm_vpd, double ca, double sapwood_volume_per_leaf_area, double leaf_temp, double atm_o2_kpa, double atm_kpa)
   double Leaf__proportion_of_conductivity(plant::RcppR6::RcppR6<plant::Leaf> obj_, double psi)
   double Leaf__arrh_curve(plant::RcppR6::RcppR6<plant::Leaf> obj_, double Ea, double ref_value, double leaf_temp)
   double Leaf__peak_arrh_curve(plant::RcppR6::RcppR6<plant::Leaf> obj_, double Ea, double ref_value, double leaf_temp, double H_d, double d_S)
   double Leaf__transpiration(plant::RcppR6::RcppR6<plant::Leaf> obj_, double psi_stem, double psi_upstream)
   double Leaf__transpiration_full_integration(plant::RcppR6::RcppR6<plant::Leaf> obj_, double psi_stem, double psi_upstream)
   double Leaf__stom_cond_CO2(plant::RcppR6::RcppR6<plant::Leaf> obj_, double psi_stem, double psi_upstream)
   double Leaf__transpiration_to_psi_stem(plant::RcppR6::RcppR6<plant::Leaf> obj_, double transpiration_, double psi_upstream)
   double Leaf__assim_rubisco_limited(plant::RcppR6::RcppR6<plant::Leaf> obj_, double ci_)
   double Leaf__assim_electron_limited(plant::RcppR6::RcppR6<plant::Leaf> obj_, double ci_)
   double Leaf__assim_colimited(plant::RcppR6::RcppR6<plant::Leaf> obj_, double ci_)
   double Leaf__assim_minus_stom_cond_CO2(plant::RcppR6::RcppR6<plant::Leaf> obj_, double x, double psi_stem, double psi_upstream)
   double Leaf__electron_transport(plant::RcppR6::RcppR6<plant::Leaf> obj_)
   void Leaf__set_leaf_states_rates_from_psi_stem(plant::RcppR6::RcppR6<plant::Leaf> obj_, double psi_stem, double psi_upstream)
   void Leaf__E_from_Soil_to_Root_Collar(plant::RcppR6::RcppR6<plant::Leaf> obj_, double P_x_r, std::vector<double> psi_soil)
   void Leaf__find_root_collar_psi(plant::RcppR6::RcppR6<plant::Leaf> obj_)
   double Leaf__find_root_psi(plant::RcppR6::RcppR6<plant::Leaf> obj_, double wettest_soil_layer, std::vector<double> psi_soil, int find_root_crit)
   double Leaf__find_psi_stem_from_psi_root(plant::RcppR6::RcppR6<plant::Leaf> obj_, double psi_root, std::vector<double> psi_soil)
   double Leaf__evaluate_root_collar_psi(plant::RcppR6::RcppR6<plant::Leaf> obj_, double target_opt_root_psi)
   double Leaf__dprofit_droot_collar_psi(plant::RcppR6::RcppR6<plant::Leaf> obj_, double opt_root_psi)
   double Leaf__psi_stem_to_ci(plant::RcppR6::RcppR6<plant::Leaf> obj_, double psi_stem, double psi_upstream)
   double Leaf__hydraulic_cost_Sperry(plant::RcppR6::RcppR6<plant::Leaf> obj_, double psi_stem, double psi_upstream)
   double Leaf__hydraulic_cost_TF(plant::RcppR6::RcppR6<plant::Leaf> obj_, double psi_stem)
   double Leaf__profit_psi_stem_Sperry(plant::RcppR6::RcppR6<plant::Leaf> obj_, double psi_stem, double psi_upstream)
   double Leaf__profit_psi_stem_TF(plant::RcppR6::RcppR6<plant::Leaf> obj_, double psi_stem, double psi_upstream)
   void Leaf__optimise_psi_stem_Sperry(plant::RcppR6::RcppR6<plant::Leaf> obj_)
   void Leaf__optimise_psi_stem_TF(plant::RcppR6::RcppR6<plant::Leaf> obj_)
   double Leaf__medlyn_model_gs(plant::RcppR6::RcppR6<plant::Leaf> obj_, double assim_colimited_)
   void Leaf__solve_medlyn_ci_numerical(plant::RcppR6::RcppR6<plant::Leaf> obj_)
   void Leaf__solve_medlyn_ci_analytical(plant::RcppR6::RcppR6<plant::Leaf> obj_)
   double Leaf__ci___get(plant::RcppR6::RcppR6<plant::Leaf> obj_)
   void Leaf__ci___set(plant::RcppR6::RcppR6<plant::Leaf> obj_, double value)
   double Leaf__stom_cond_CO2___get(plant::RcppR6::RcppR6<plant::Leaf> obj_)
   void Leaf__stom_cond_CO2___set(plant::RcppR6::RcppR6<plant::Leaf> obj_, double value)
   double Leaf__assim_colimited___get(plant::RcppR6::RcppR6<plant::Leaf> obj_)
   void Leaf__assim_colimited___set(plant::RcppR6::RcppR6<plant::Leaf> obj_, double value)
   double Leaf__transpiration___get(plant::RcppR6::RcppR6<plant::Leaf> obj_)
   void Leaf__transpiration___set(plant::RcppR6::RcppR6<plant::Leaf> obj_, double value)
   std::vector<double> Leaf__soil_consumption___get(plant::RcppR6::RcppR6<plant::Leaf> obj_)
   void Leaf__soil_consumption___set(plant::RcppR6::RcppR6<plant::Leaf> obj_, std::vector<double> value)
   double Leaf__profit___get(plant::RcppR6::RcppR6<plant::Leaf> obj_)
   void Leaf__profit___set(plant::RcppR6::RcppR6<plant::Leaf> obj_, double value)
   double Leaf__psi_stem__get(plant::RcppR6::RcppR6<plant::Leaf> obj_)
   void Leaf__psi_stem__set(plant::RcppR6::RcppR6<plant::Leaf> obj_, double value)
   double Leaf__lambda___get(plant::RcppR6::RcppR6<plant::Leaf> obj_)
   void Leaf__lambda___set(plant::RcppR6::RcppR6<plant::Leaf> obj_, double value)
   double Leaf__lambda_analytical___get(plant::RcppR6::RcppR6<plant::Leaf> obj_)
   void Leaf__lambda_analytical___set(plant::RcppR6::RcppR6<plant::Leaf> obj_, double value)
   double Leaf__electron_transport___get(plant::RcppR6::RcppR6<plant::Leaf> obj_)
   void Leaf__electron_transport___set(plant::RcppR6::RcppR6<plant::Leaf> obj_, double value)
   double Leaf__gamma___get(plant::RcppR6::RcppR6<plant::Leaf> obj_)
   void Leaf__gamma___set(plant::RcppR6::RcppR6<plant::Leaf> obj_, double value)
   double Leaf__ko___get(plant::RcppR6::RcppR6<plant::Leaf> obj_)
   void Leaf__ko___set(plant::RcppR6::RcppR6<plant::Leaf> obj_, double value)
   double Leaf__kc___get(plant::RcppR6::RcppR6<plant::Leaf> obj_)
   void Leaf__kc___set(plant::RcppR6::RcppR6<plant::Leaf> obj_, double value)
   double Leaf__km___get(plant::RcppR6::RcppR6<plant::Leaf> obj_)
   void Leaf__km___set(plant::RcppR6::RcppR6<plant::Leaf> obj_, double value)
   double Leaf__R_d___get(plant::RcppR6::RcppR6<plant::Leaf> obj_)
   void Leaf__R_d___set(plant::RcppR6::RcppR6<plant::Leaf> obj_, double value)
   double Leaf__sapwood_volume_per_leaf_area___get(plant::RcppR6::RcppR6<plant::Leaf> obj_)
   void Leaf__sapwood_volume_per_leaf_area___set(plant::RcppR6::RcppR6<plant::Leaf> obj_, double value)
   double Leaf__leaf_specific_conductance_max___get(plant::RcppR6::RcppR6<plant::Leaf> obj_)
   void Leaf__leaf_specific_conductance_max___set(plant::RcppR6::RcppR6<plant::Leaf> obj_, double value)
   double Leaf__vcmax___get(plant::RcppR6::RcppR6<plant::Leaf> obj_)
   void Leaf__vcmax___set(plant::RcppR6::RcppR6<plant::Leaf> obj_, double value)
   double Leaf__jmax___get(plant::RcppR6::RcppR6<plant::Leaf> obj_)
   void Leaf__jmax___set(plant::RcppR6::RcppR6<plant::Leaf> obj_, double value)
   double Leaf__area_leaf___get(plant::RcppR6::RcppR6<plant::Leaf> obj_)
   void Leaf__area_leaf___set(plant::RcppR6::RcppR6<plant::Leaf> obj_, double value)
   double Leaf__rho___get(plant::RcppR6::RcppR6<plant::Leaf> obj_)
   void Leaf__rho___set(plant::RcppR6::RcppR6<plant::Leaf> obj_, double value)
   std::vector<double> Leaf__c_r_V___get(plant::RcppR6::RcppR6<plant::Leaf> obj_)
   void Leaf__c_r_V___set(plant::RcppR6::RcppR6<plant::Leaf> obj_, std::vector<double> value)
   std::vector<double> Leaf__c_r_H___get(plant::RcppR6::RcppR6<plant::Leaf> obj_)
   void Leaf__c_r_H___set(plant::RcppR6::RcppR6<plant::Leaf> obj_, std::vector<double> value)
   double Leaf__a_bio___get(plant::RcppR6::RcppR6<plant::Leaf> obj_)
   void Leaf__a_bio___set(plant::RcppR6::RcppR6<plant::Leaf> obj_, double value)
   double Leaf__PPFD___get(plant::RcppR6::RcppR6<plant::Leaf> obj_)
   void Leaf__PPFD___set(plant::RcppR6::RcppR6<plant::Leaf> obj_, double value)
   double Leaf__atm_vpd___get(plant::RcppR6::RcppR6<plant::Leaf> obj_)
   void Leaf__atm_vpd___set(plant::RcppR6::RcppR6<plant::Leaf> obj_, double value)
   double Leaf__ca___get(plant::RcppR6::RcppR6<plant::Leaf> obj_)
   void Leaf__ca___set(plant::RcppR6::RcppR6<plant::Leaf> obj_, double value)
   std::vector<double> Leaf__soil_depth___get(plant::RcppR6::RcppR6<plant::Leaf> obj_)
   void Leaf__soil_depth___set(plant::RcppR6::RcppR6<plant::Leaf> obj_, std::vector<double> value)
   std::vector<double> Leaf__z_soil_mid___get(plant::RcppR6::RcppR6<plant::Leaf> obj_)
   void Leaf__z_soil_mid___set(plant::RcppR6::RcppR6<plant::Leaf> obj_, std::vector<double> value)
   double Leaf__dz___get(plant::RcppR6::RcppR6<plant::Leaf> obj_)
   void Leaf__dz___set(plant::RcppR6::RcppR6<plant::Leaf> obj_, double value)
   int Leaf__soil_number_of_depths___get(plant::RcppR6::RcppR6<plant::Leaf> obj_)
   void Leaf__soil_number_of_depths___set(plant::RcppR6::RcppR6<plant::Leaf> obj_, int value)
   int Leaf__max_soil_layer__get(plant::RcppR6::RcppR6<plant::Leaf> obj_)
   void Leaf__max_soil_layer__set(plant::RcppR6::RcppR6<plant::Leaf> obj_, int value)
   std::vector<double> Leaf__psi_soil___get(plant::RcppR6::RcppR6<plant::Leaf> obj_)
   void Leaf__psi_soil___set(plant::RcppR6::RcppR6<plant::Leaf> obj_, std::vector<double> value)
   std::vector<double> Leaf__r_R_H_min__get(plant::RcppR6::RcppR6<plant::Leaf> obj_)
   void Leaf__r_R_H_min__set(plant::RcppR6::RcppR6<plant::Leaf> obj_, std::vector<double> value)
   std::vector<double> Leaf__r_R_V__get(plant::RcppR6::RcppR6<plant::Leaf> obj_)
   void Leaf__r_R_V__set(plant::RcppR6::RcppR6<plant::Leaf> obj_, std::vector<double> value)
   std::vector<double> Leaf__r_R_V_sum__get(plant::RcppR6::RcppR6<plant::Leaf> obj_)
   void Leaf__r_R_V_sum__set(plant::RcppR6::RcppR6<plant::Leaf> obj_, std::vector<double> value)
   double Leaf__assim_max___get(plant::RcppR6::RcppR6<plant::Leaf> obj_)
   void Leaf__assim_max___set(plant::RcppR6::RcppR6<plant::Leaf> obj_, double value)
   double Leaf__root_collar_psi___get(plant::RcppR6::RcppR6<plant::Leaf> obj_)
   void Leaf__root_collar_psi___set(plant::RcppR6::RcppR6<plant::Leaf> obj_, double value)
   double Leaf__leaf_temp___get(plant::RcppR6::RcppR6<plant::Leaf> obj_)
   void Leaf__leaf_temp___set(plant::RcppR6::RcppR6<plant::Leaf> obj_, double value)
   double Leaf__atm_o2_kpa___get(plant::RcppR6::RcppR6<plant::Leaf> obj_)
   void Leaf__atm_o2_kpa___set(plant::RcppR6::RcppR6<plant::Leaf> obj_, double value)
   double Leaf__atm_kpa___get(plant::RcppR6::RcppR6<plant::Leaf> obj_)
   void Leaf__atm_kpa___set(plant::RcppR6::RcppR6<plant::Leaf> obj_, double value)
   double Leaf__hydraulic_cost___get(plant::RcppR6::RcppR6<plant::Leaf> obj_)
   void Leaf__hydraulic_cost___set(plant::RcppR6::RcppR6<plant::Leaf> obj_, double value)
   double Leaf__opt_psi_stem___get(plant::RcppR6::RcppR6<plant::Leaf> obj_)
   void Leaf__opt_psi_stem___set(plant::RcppR6::RcppR6<plant::Leaf> obj_, double value)
   double Leaf__opt_ci___get(plant::RcppR6::RcppR6<plant::Leaf> obj_)
   void Leaf__opt_ci___set(plant::RcppR6::RcppR6<plant::Leaf> obj_, double value)
   double Leaf__E_up___get(plant::RcppR6::RcppR6<plant::Leaf> obj_)
   void Leaf__E_up___set(plant::RcppR6::RcppR6<plant::Leaf> obj_, double value)
   std::vector<double> Leaf__f_r__get(plant::RcppR6::RcppR6<plant::Leaf> obj_)
   void Leaf__f_r__set(plant::RcppR6::RcppR6<plant::Leaf> obj_, std::vector<double> value)
   double Leaf__count__get(plant::RcppR6::RcppR6<plant::Leaf> obj_)
   void Leaf__count__set(plant::RcppR6::RcppR6<plant::Leaf> obj_, double value)
   double Leaf__medlyn_model_gs___get(plant::RcppR6::RcppR6<plant::Leaf> obj_)
   void Leaf__medlyn_model_gs___set(plant::RcppR6::RcppR6<plant::Leaf> obj_, double value)
   double Leaf__g0__get(plant::RcppR6::RcppR6<plant::Leaf> obj_)
   void Leaf__g0__set(plant::RcppR6::RcppR6<plant::Leaf> obj_, double value)
   double Leaf__g1__get(plant::RcppR6::RcppR6<plant::Leaf> obj_)
   void Leaf__g1__set(plant::RcppR6::RcppR6<plant::Leaf> obj_, double value)
   double Leaf__theta_w___get(plant::RcppR6::RcppR6<plant::Leaf> obj_)
   void Leaf__theta_w___set(plant::RcppR6::RcppR6<plant::Leaf> obj_, double value)
   double Leaf__theta_fc___get(plant::RcppR6::RcppR6<plant::Leaf> obj_)
   void Leaf__theta_fc___set(plant::RcppR6::RcppR6<plant::Leaf> obj_, double value)
   double Leaf__theta___get(plant::RcppR6::RcppR6<plant::Leaf> obj_)
   void Leaf__theta___set(plant::RcppR6::RcppR6<plant::Leaf> obj_, double value)
   odelia::ode::Solver<plant::tools::IndividualRunner<plant::FF16_Strategy, plant::FF16_Environment> > OdeRunner___FF16__ctor(plant::tools::IndividualRunner<plant::FF16_Strategy, plant::FF16_Environment> obj, odelia::ode::OdeControl control)
   void OdeRunner___FF16__advance_adaptive(plant::RcppR6::RcppR6<odelia::ode::Solver<plant::tools::IndividualRunner<plant::FF16_Strategy, plant::FF16_Environment> > > obj_, std::vector<double> time)
   void OdeRunner___FF16__advance_fixed(plant::RcppR6::RcppR6<odelia::ode::Solver<plant::tools::IndividualRunner<plant::FF16_Strategy, plant::FF16_Environment> > > obj_, std::vector<double> time)
   void OdeRunner___FF16__advance_euler(plant::RcppR6::RcppR6<odelia::ode::Solver<plant::tools::IndividualRunner<plant::FF16_Strategy, plant::FF16_Environment> > > obj_, std::vector<double> time)
   void OdeRunner___FF16__step(plant::RcppR6::RcppR6<odelia::ode::Solver<plant::tools::IndividualRunner<plant::FF16_Strategy, plant::FF16_Environment> > > obj_)
   void OdeRunner___FF16__set_state(plant::RcppR6::RcppR6<odelia::ode::Solver<plant::tools::IndividualRunner<plant::FF16_Strategy, plant::FF16_Environment> > > obj_, std::vector<double> y, double time)
   void OdeRunner___FF16__set_state_from_system(plant::RcppR6::RcppR6<odelia::ode::Solver<plant::tools::IndividualRunner<plant::FF16_Strategy, plant::FF16_Environment> > > obj_)
   double OdeRunner___FF16__time__get(plant::RcppR6::RcppR6<odelia::ode::Solver<plant::tools::IndividualRunner<plant::FF16_Strategy, plant::FF16_Environment> > > obj_)
   std::vector<double> OdeRunner___FF16__state__get(plant::RcppR6::RcppR6<odelia::ode::Solver<plant::tools::IndividualRunner<plant::FF16_Strategy, plant::FF16_Environment> > > obj_)
   std::vector<double> OdeRunner___FF16__times__get(plant::RcppR6::RcppR6<odelia::ode::Solver<plant::tools::IndividualRunner<plant::FF16_Strategy, plant::FF16_Environment> > > obj_)
   plant::tools::IndividualRunner<plant::FF16_Strategy, plant::FF16_Environment> OdeRunner___FF16__object__get(plant::RcppR6::RcppR6<odelia::ode::Solver<plant::tools::IndividualRunner<plant::FF16_Strategy, plant::FF16_Environment> > > obj_)
   odelia::ode::Solver<plant::tools::IndividualRunner<plant::TF24_Strategy<double>, plant::TF24_Environment<double>> > OdeRunner___TF24__ctor(plant::tools::IndividualRunner<plant::TF24_Strategy<double>, plant::TF24_Environment<double>> obj, odelia::ode::OdeControl control)
   void OdeRunner___TF24__advance_adaptive(plant::RcppR6::RcppR6<odelia::ode::Solver<plant::tools::IndividualRunner<plant::TF24_Strategy<double>, plant::TF24_Environment<double>> > > obj_, std::vector<double> time)
   void OdeRunner___TF24__advance_fixed(plant::RcppR6::RcppR6<odelia::ode::Solver<plant::tools::IndividualRunner<plant::TF24_Strategy<double>, plant::TF24_Environment<double>> > > obj_, std::vector<double> time)
   void OdeRunner___TF24__advance_euler(plant::RcppR6::RcppR6<odelia::ode::Solver<plant::tools::IndividualRunner<plant::TF24_Strategy<double>, plant::TF24_Environment<double>> > > obj_, std::vector<double> time)
   void OdeRunner___TF24__step(plant::RcppR6::RcppR6<odelia::ode::Solver<plant::tools::IndividualRunner<plant::TF24_Strategy<double>, plant::TF24_Environment<double>> > > obj_)
   void OdeRunner___TF24__set_state(plant::RcppR6::RcppR6<odelia::ode::Solver<plant::tools::IndividualRunner<plant::TF24_Strategy<double>, plant::TF24_Environment<double>> > > obj_, std::vector<double> y, double time)
   void OdeRunner___TF24__set_state_from_system(plant::RcppR6::RcppR6<odelia::ode::Solver<plant::tools::IndividualRunner<plant::TF24_Strategy<double>, plant::TF24_Environment<double>> > > obj_)
   double OdeRunner___TF24__time__get(plant::RcppR6::RcppR6<odelia::ode::Solver<plant::tools::IndividualRunner<plant::TF24_Strategy<double>, plant::TF24_Environment<double>> > > obj_)
   std::vector<double> OdeRunner___TF24__state__get(plant::RcppR6::RcppR6<odelia::ode::Solver<plant::tools::IndividualRunner<plant::TF24_Strategy<double>, plant::TF24_Environment<double>> > > obj_)
   std::vector<double> OdeRunner___TF24__times__get(plant::RcppR6::RcppR6<odelia::ode::Solver<plant::tools::IndividualRunner<plant::TF24_Strategy<double>, plant::TF24_Environment<double>> > > obj_)
   plant::tools::IndividualRunner<plant::TF24_Strategy<double>, plant::TF24_Environment<double>> OdeRunner___TF24__object__get(plant::RcppR6::RcppR6<odelia::ode::Solver<plant::tools::IndividualRunner<plant::TF24_Strategy<double>, plant::TF24_Environment<double>> > > obj_)
   odelia::ode::Solver<plant::tools::IndividualRunner<plant::TF24f_Strategy<double>, plant::TF24_Environment<double>> > OdeRunner___TF24f__ctor(plant::tools::IndividualRunner<plant::TF24f_Strategy<double>, plant::TF24_Environment<double>> obj, odelia::ode::OdeControl control)
   void OdeRunner___TF24f__advance_adaptive(plant::RcppR6::RcppR6<odelia::ode::Solver<plant::tools::IndividualRunner<plant::TF24f_Strategy<double>, plant::TF24_Environment<double>> > > obj_, std::vector<double> time)
   void OdeRunner___TF24f__advance_fixed(plant::RcppR6::RcppR6<odelia::ode::Solver<plant::tools::IndividualRunner<plant::TF24f_Strategy<double>, plant::TF24_Environment<double>> > > obj_, std::vector<double> time)
   void OdeRunner___TF24f__advance_euler(plant::RcppR6::RcppR6<odelia::ode::Solver<plant::tools::IndividualRunner<plant::TF24f_Strategy<double>, plant::TF24_Environment<double>> > > obj_, std::vector<double> time)
   void OdeRunner___TF24f__step(plant::RcppR6::RcppR6<odelia::ode::Solver<plant::tools::IndividualRunner<plant::TF24f_Strategy<double>, plant::TF24_Environment<double>> > > obj_)
   void OdeRunner___TF24f__set_state(plant::RcppR6::RcppR6<odelia::ode::Solver<plant::tools::IndividualRunner<plant::TF24f_Strategy<double>, plant::TF24_Environment<double>> > > obj_, std::vector<double> y, double time)
   void OdeRunner___TF24f__set_state_from_system(plant::RcppR6::RcppR6<odelia::ode::Solver<plant::tools::IndividualRunner<plant::TF24f_Strategy<double>, plant::TF24_Environment<double>> > > obj_)
   double OdeRunner___TF24f__time__get(plant::RcppR6::RcppR6<odelia::ode::Solver<plant::tools::IndividualRunner<plant::TF24f_Strategy<double>, plant::TF24_Environment<double>> > > obj_)
   std::vector<double> OdeRunner___TF24f__state__get(plant::RcppR6::RcppR6<odelia::ode::Solver<plant::tools::IndividualRunner<plant::TF24f_Strategy<double>, plant::TF24_Environment<double>> > > obj_)
   std::vector<double> OdeRunner___TF24f__times__get(plant::RcppR6::RcppR6<odelia::ode::Solver<plant::tools::IndividualRunner<plant::TF24f_Strategy<double>, plant::TF24_Environment<double>> > > obj_)
   plant::tools::IndividualRunner<plant::TF24f_Strategy<double>, plant::TF24_Environment<double>> OdeRunner___TF24f__object__get(plant::RcppR6::RcppR6<odelia::ode::Solver<plant::tools::IndividualRunner<plant::TF24f_Strategy<double>, plant::TF24_Environment<double>> > > obj_)
   odelia::ode::Solver<plant::tools::IndividualRunner<plant::K93_Strategy, plant::K93_Environment> > OdeRunner___K93__ctor(plant::tools::IndividualRunner<plant::K93_Strategy, plant::K93_Environment> obj, odelia::ode::OdeControl control)
   void OdeRunner___K93__advance_adaptive(plant::RcppR6::RcppR6<odelia::ode::Solver<plant::tools::IndividualRunner<plant::K93_Strategy, plant::K93_Environment> > > obj_, std::vector<double> time)
   void OdeRunner___K93__advance_fixed(plant::RcppR6::RcppR6<odelia::ode::Solver<plant::tools::IndividualRunner<plant::K93_Strategy, plant::K93_Environment> > > obj_, std::vector<double> time)
   void OdeRunner___K93__advance_euler(plant::RcppR6::RcppR6<odelia::ode::Solver<plant::tools::IndividualRunner<plant::K93_Strategy, plant::K93_Environment> > > obj_, std::vector<double> time)
   void OdeRunner___K93__step(plant::RcppR6::RcppR6<odelia::ode::Solver<plant::tools::IndividualRunner<plant::K93_Strategy, plant::K93_Environment> > > obj_)
   void OdeRunner___K93__set_state(plant::RcppR6::RcppR6<odelia::ode::Solver<plant::tools::IndividualRunner<plant::K93_Strategy, plant::K93_Environment> > > obj_, std::vector<double> y, double time)
   void OdeRunner___K93__set_state_from_system(plant::RcppR6::RcppR6<odelia::ode::Solver<plant::tools::IndividualRunner<plant::K93_Strategy, plant::K93_Environment> > > obj_)
   double OdeRunner___K93__time__get(plant::RcppR6::RcppR6<odelia::ode::Solver<plant::tools::IndividualRunner<plant::K93_Strategy, plant::K93_Environment> > > obj_)
   std::vector<double> OdeRunner___K93__state__get(plant::RcppR6::RcppR6<odelia::ode::Solver<plant::tools::IndividualRunner<plant::K93_Strategy, plant::K93_Environment> > > obj_)
   std::vector<double> OdeRunner___K93__times__get(plant::RcppR6::RcppR6<odelia::ode::Solver<plant::tools::IndividualRunner<plant::K93_Strategy, plant::K93_Environment> > > obj_)
   plant::tools::IndividualRunner<plant::K93_Strategy, plant::K93_Environment> OdeRunner___K93__object__get(plant::RcppR6::RcppR6<odelia::ode::Solver<plant::tools::IndividualRunner<plant::K93_Strategy, plant::K93_Environment> > > obj_)
   plant::NodeScheduleEvent NodeScheduleEvent__ctor(double introduction, plant::util::index species_index)
   plant::util::index NodeScheduleEvent__species_index__get(plant::RcppR6::RcppR6<plant::NodeScheduleEvent> obj_)
   void NodeScheduleEvent__species_index__set(plant::RcppR6::RcppR6<plant::NodeScheduleEvent> obj_, plant::util::index value)
   std::vector<double> NodeScheduleEvent__times__get(plant::RcppR6::RcppR6<plant::NodeScheduleEvent> obj_)
   double NodeScheduleEvent__time_introduction__get(plant::RcppR6::RcppR6<plant::NodeScheduleEvent> obj_)
   double NodeScheduleEvent__time_end__get(plant::RcppR6::RcppR6<plant::NodeScheduleEvent> obj_)
   size_t NodeScheduleEvent__species_index_raw__get(plant::RcppR6::RcppR6<plant::NodeScheduleEvent> obj_)
   plant::NodeSchedule NodeSchedule__ctor(size_t n_species)
   plant::NodeSchedule NodeSchedule__expand(plant::RcppR6::RcppR6<plant::NodeSchedule> obj_, size_t n_extra, std::vector<double> times)
   void NodeSchedule__clear_times(plant::RcppR6::RcppR6<plant::NodeSchedule> obj_, plant::util::index species_index)
   void NodeSchedule__clear_ode_times(plant::RcppR6::RcppR6<plant::NodeSchedule> obj_)
   void NodeSchedule__set_times(plant::RcppR6::RcppR6<plant::NodeSchedule> obj_, std::vector<double> times, plant::util::index species_index)
   std::vector<double> NodeSchedule__times(plant::RcppR6::RcppR6<plant::NodeSchedule> obj_, plant::util::index species_index)
   void NodeSchedule__reset(plant::RcppR6::RcppR6<plant::NodeSchedule> obj_)
   void NodeSchedule__pop(plant::RcppR6::RcppR6<plant::NodeSchedule> obj_)
   plant::NodeSchedule NodeSchedule__copy(plant::RcppR6::RcppR6<plant::NodeSchedule> obj_)
   size_t NodeSchedule__size__get(plant::RcppR6::RcppR6<plant::NodeSchedule> obj_)
   size_t NodeSchedule__n_species__get(plant::RcppR6::RcppR6<plant::NodeSchedule> obj_)
   plant::NodeScheduleEvent NodeSchedule__next_event__get(plant::RcppR6::RcppR6<plant::NodeSchedule> obj_)
   size_t NodeSchedule__remaining__get(plant::RcppR6::RcppR6<plant::NodeSchedule> obj_)
   double NodeSchedule__max_time__get(plant::RcppR6::RcppR6<plant::NodeSchedule> obj_)
   void NodeSchedule__max_time__set(plant::RcppR6::RcppR6<plant::NodeSchedule> obj_, double value)
   std::vector<double> NodeSchedule__ode_times__get(plant::RcppR6::RcppR6<plant::NodeSchedule> obj_)
   void NodeSchedule__ode_times__set(plant::RcppR6::RcppR6<plant::NodeSchedule> obj_, std::vector<double> value)
   bool NodeSchedule__use_ode_times__get(plant::RcppR6::RcppR6<plant::NodeSchedule> obj_)
   void NodeSchedule__use_ode_times__set(plant::RcppR6::RcppR6<plant::NodeSchedule> obj_, bool value)
   SEXP NodeSchedule__all_times__get(plant::RcppR6::RcppR6<plant::NodeSchedule> obj_)
   void NodeSchedule__all_times__set(plant::RcppR6::RcppR6<plant::NodeSchedule> obj_, SEXP value)
   SEXP Control__ctor()
   SEXP OdeControl__ctor()
   plant::quadrature::QK QK__ctor(size_t rule)
   double QK__integrate(plant::RcppR6::RcppR6<plant::quadrature::QK> obj_, SEXP f, double a, double b)
   std::vector<double> QK__integrate_vector_x(plant::RcppR6::RcppR6<plant::quadrature::QK> obj_, double a, double b)
   double QK__integrate_vector(plant::RcppR6::RcppR6<plant::quadrature::QK> obj_, std::vector<double> y, double a, double b)
   double QK__last_area__get(plant::RcppR6::RcppR6<plant::quadrature::QK> obj_)
   double QK__last_error__get(plant::RcppR6::RcppR6<plant::quadrature::QK> obj_)
   double QK__last_area_abs__get(plant::RcppR6::RcppR6<plant::quadrature::QK> obj_)
   double QK__last_area_asc__get(plant::RcppR6::RcppR6<plant::quadrature::QK> obj_)
   plant::quadrature::QAG QAG__ctor(size_t rule, size_t max_iterations, double atol, double rtol)
   double QAG__integrate(plant::RcppR6::RcppR6<plant::quadrature::QAG> obj_, SEXP f, double a, double b)
   double QAG__integrate_with_intervals(plant::RcppR6::RcppR6<plant::quadrature::QAG> obj_, SEXP f, SEXP intervals)
   double QAG__integrate_with_last_intervals(plant::RcppR6::RcppR6<plant::quadrature::QAG> obj_, SEXP f, double a, double b)
   double QAG__last_area__get(plant::RcppR6::RcppR6<plant::quadrature::QAG> obj_)
   double QAG__last_error__get(plant::RcppR6::RcppR6<plant::quadrature::QAG> obj_)
   size_t QAG__last_iterations__get(plant::RcppR6::RcppR6<plant::quadrature::QAG> obj_)
   plant::quadrature::intervals_type QAG__last_intervals__get(plant::RcppR6::RcppR6<plant::quadrature::QAG> obj_)
   bool QAG__is_adaptive__get(plant::RcppR6::RcppR6<plant::quadrature::QAG> obj_)
   plant::Individual<plant::FF16_Strategy,plant::FF16_Environment> Individual___FF16__FF16_Env__ctor(plant::FF16_Strategy s)
   double Individual___FF16__FF16_Env__state(plant::RcppR6::RcppR6<plant::Individual<plant::FF16_Strategy,plant::FF16_Environment> > obj_, std::string name)
   double Individual___FF16__FF16_Env__rate(plant::RcppR6::RcppR6<plant::Individual<plant::FF16_Strategy,plant::FF16_Environment> > obj_, std::string name)
   double Individual___FF16__FF16_Env__aux(plant::RcppR6::RcppR6<plant::Individual<plant::FF16_Strategy,plant::FF16_Environment> > obj_, std::string name)
   void Individual___FF16__FF16_Env__set_state(plant::RcppR6::RcppR6<plant::Individual<plant::FF16_Strategy,plant::FF16_Environment> > obj_, std::string name, double v)
   double Individual___FF16__FF16_Env__compute_competition(plant::RcppR6::RcppR6<plant::Individual<plant::FF16_Strategy,plant::FF16_Environment> > obj_, double h)
   void Individual___FF16__FF16_Env__compute_rates(plant::RcppR6::RcppR6<plant::Individual<plant::FF16_Strategy,plant::FF16_Environment> > obj_, plant::FF16_Environment environment)
   void Individual___FF16__FF16_Env__set_initial_states(plant::RcppR6::RcppR6<plant::Individual<plant::FF16_Strategy,plant::FF16_Environment> > obj_, plant::FF16_Environment environment)
   double Individual___FF16__FF16_Env__establishment_probability(plant::RcppR6::RcppR6<plant::Individual<plant::FF16_Strategy,plant::FF16_Environment> > obj_, plant::FF16_Environment environment)
   double Individual___FF16__FF16_Env__net_mass_production_dt(plant::RcppR6::RcppR6<plant::Individual<plant::FF16_Strategy,plant::FF16_Environment> > obj_, plant::FF16_Environment environment)
   void Individual___FF16__FF16_Env__reset_mortality(plant::RcppR6::RcppR6<plant::Individual<plant::FF16_Strategy,plant::FF16_Environment> > obj_)
   double Individual___FF16__FF16_Env__resource_compensation_point(plant::RcppR6::RcppR6<plant::Individual<plant::FF16_Strategy,plant::FF16_Environment> > obj_)
   plant::FF16_Strategy Individual___FF16__FF16_Env__strategy__get(plant::RcppR6::RcppR6<plant::Individual<plant::FF16_Strategy,plant::FF16_Environment> > obj_)
   plant::Internals<double> Individual___FF16__FF16_Env__internals__get(plant::RcppR6::RcppR6<plant::Individual<plant::FF16_Strategy,plant::FF16_Environment> > obj_)
   size_t Individual___FF16__FF16_Env__aux_size__get(plant::RcppR6::RcppR6<plant::Individual<plant::FF16_Strategy,plant::FF16_Environment> > obj_)
   size_t Individual___FF16__FF16_Env__ode_size__get(plant::RcppR6::RcppR6<plant::Individual<plant::FF16_Strategy,plant::FF16_Environment> > obj_)
   std::vector<std::string> Individual___FF16__FF16_Env__ode_names__get(plant::RcppR6::RcppR6<plant::Individual<plant::FF16_Strategy,plant::FF16_Environment> > obj_)
   std::vector<std::string> Individual___FF16__FF16_Env__aux_names__get(plant::RcppR6::RcppR6<plant::Individual<plant::FF16_Strategy,plant::FF16_Environment> > obj_)
   std::vector<double> Individual___FF16__FF16_Env__ode_state__get(plant::RcppR6::RcppR6<plant::Individual<plant::FF16_Strategy,plant::FF16_Environment> > obj_)
   void Individual___FF16__FF16_Env__ode_state__set(plant::RcppR6::RcppR6<plant::Individual<plant::FF16_Strategy,plant::FF16_Environment> > obj_, std::vector<double> value)
   std::vector<double> Individual___FF16__FF16_Env__ode_rates__get(plant::RcppR6::RcppR6<plant::Individual<plant::FF16_Strategy,plant::FF16_Environment> > obj_)
   double Individual___FF16__FF16_Env__mortality_probability__get(plant::RcppR6::RcppR6<plant::Individual<plant::FF16_Strategy,plant::FF16_Environment> > obj_)
   std::string Individual___FF16__FF16_Env__strategy_name__get(plant::RcppR6::RcppR6<plant::Individual<plant::FF16_Strategy,plant::FF16_Environment> > obj_)
   plant::Individual<plant::TF24_Strategy<double> ,plant::TF24_Environment<double> > Individual___TF24__TF24_Env__ctor(plant::TF24_Strategy<double> s)
   double Individual___TF24__TF24_Env__state(plant::RcppR6::RcppR6<plant::Individual<plant::TF24_Strategy<double> ,plant::TF24_Environment<double> > > obj_, std::string name)
   double Individual___TF24__TF24_Env__rate(plant::RcppR6::RcppR6<plant::Individual<plant::TF24_Strategy<double> ,plant::TF24_Environment<double> > > obj_, std::string name)
   double Individual___TF24__TF24_Env__aux(plant::RcppR6::RcppR6<plant::Individual<plant::TF24_Strategy<double> ,plant::TF24_Environment<double> > > obj_, std::string name)
   void Individual___TF24__TF24_Env__set_state(plant::RcppR6::RcppR6<plant::Individual<plant::TF24_Strategy<double> ,plant::TF24_Environment<double> > > obj_, std::string name, double v)
   double Individual___TF24__TF24_Env__compute_competition(plant::RcppR6::RcppR6<plant::Individual<plant::TF24_Strategy<double> ,plant::TF24_Environment<double> > > obj_, double h)
   void Individual___TF24__TF24_Env__compute_rates(plant::RcppR6::RcppR6<plant::Individual<plant::TF24_Strategy<double> ,plant::TF24_Environment<double> > > obj_, plant::TF24_Environment<double> environment)
   void Individual___TF24__TF24_Env__set_initial_states(plant::RcppR6::RcppR6<plant::Individual<plant::TF24_Strategy<double> ,plant::TF24_Environment<double> > > obj_, plant::TF24_Environment<double> environment)
   double Individual___TF24__TF24_Env__establishment_probability(plant::RcppR6::RcppR6<plant::Individual<plant::TF24_Strategy<double> ,plant::TF24_Environment<double> > > obj_, plant::TF24_Environment<double> environment)
   double Individual___TF24__TF24_Env__net_mass_production_dt(plant::RcppR6::RcppR6<plant::Individual<plant::TF24_Strategy<double> ,plant::TF24_Environment<double> > > obj_, plant::TF24_Environment<double> environment)
   void Individual___TF24__TF24_Env__reset_mortality(plant::RcppR6::RcppR6<plant::Individual<plant::TF24_Strategy<double> ,plant::TF24_Environment<double> > > obj_)
   double Individual___TF24__TF24_Env__resource_compensation_point(plant::RcppR6::RcppR6<plant::Individual<plant::TF24_Strategy<double> ,plant::TF24_Environment<double> > > obj_)
   plant::TF24_Strategy<double> Individual___TF24__TF24_Env__strategy__get(plant::RcppR6::RcppR6<plant::Individual<plant::TF24_Strategy<double> ,plant::TF24_Environment<double> > > obj_)
   plant::Internals<double> Individual___TF24__TF24_Env__internals__get(plant::RcppR6::RcppR6<plant::Individual<plant::TF24_Strategy<double> ,plant::TF24_Environment<double> > > obj_)
   size_t Individual___TF24__TF24_Env__aux_size__get(plant::RcppR6::RcppR6<plant::Individual<plant::TF24_Strategy<double> ,plant::TF24_Environment<double> > > obj_)
   size_t Individual___TF24__TF24_Env__ode_size__get(plant::RcppR6::RcppR6<plant::Individual<plant::TF24_Strategy<double> ,plant::TF24_Environment<double> > > obj_)
   std::vector<std::string> Individual___TF24__TF24_Env__ode_names__get(plant::RcppR6::RcppR6<plant::Individual<plant::TF24_Strategy<double> ,plant::TF24_Environment<double> > > obj_)
   std::vector<std::string> Individual___TF24__TF24_Env__aux_names__get(plant::RcppR6::RcppR6<plant::Individual<plant::TF24_Strategy<double> ,plant::TF24_Environment<double> > > obj_)
   std::vector<double> Individual___TF24__TF24_Env__ode_state__get(plant::RcppR6::RcppR6<plant::Individual<plant::TF24_Strategy<double> ,plant::TF24_Environment<double> > > obj_)
   void Individual___TF24__TF24_Env__ode_state__set(plant::RcppR6::RcppR6<plant::Individual<plant::TF24_Strategy<double> ,plant::TF24_Environment<double> > > obj_, std::vector<double> value)
   std::vector<double> Individual___TF24__TF24_Env__ode_rates__get(plant::RcppR6::RcppR6<plant::Individual<plant::TF24_Strategy<double> ,plant::TF24_Environment<double> > > obj_)
   double Individual___TF24__TF24_Env__mortality_probability__get(plant::RcppR6::RcppR6<plant::Individual<plant::TF24_Strategy<double> ,plant::TF24_Environment<double> > > obj_)
   std::string Individual___TF24__TF24_Env__strategy_name__get(plant::RcppR6::RcppR6<plant::Individual<plant::TF24_Strategy<double> ,plant::TF24_Environment<double> > > obj_)
   plant::Individual<plant::TF24f_Strategy<double> ,plant::TF24_Environment<double> > Individual___TF24f__TF24_Env__ctor(plant::TF24f_Strategy<double> s)
   double Individual___TF24f__TF24_Env__state(plant::RcppR6::RcppR6<plant::Individual<plant::TF24f_Strategy<double> ,plant::TF24_Environment<double> > > obj_, std::string name)
   double Individual___TF24f__TF24_Env__rate(plant::RcppR6::RcppR6<plant::Individual<plant::TF24f_Strategy<double> ,plant::TF24_Environment<double> > > obj_, std::string name)
   double Individual___TF24f__TF24_Env__aux(plant::RcppR6::RcppR6<plant::Individual<plant::TF24f_Strategy<double> ,plant::TF24_Environment<double> > > obj_, std::string name)
   void Individual___TF24f__TF24_Env__set_state(plant::RcppR6::RcppR6<plant::Individual<plant::TF24f_Strategy<double> ,plant::TF24_Environment<double> > > obj_, std::string name, double v)
   double Individual___TF24f__TF24_Env__compute_competition(plant::RcppR6::RcppR6<plant::Individual<plant::TF24f_Strategy<double> ,plant::TF24_Environment<double> > > obj_, double h)
   void Individual___TF24f__TF24_Env__compute_rates(plant::RcppR6::RcppR6<plant::Individual<plant::TF24f_Strategy<double> ,plant::TF24_Environment<double> > > obj_, plant::TF24_Environment<double> environment)
   void Individual___TF24f__TF24_Env__set_initial_states(plant::RcppR6::RcppR6<plant::Individual<plant::TF24f_Strategy<double> ,plant::TF24_Environment<double> > > obj_, plant::TF24_Environment<double> environment)
   double Individual___TF24f__TF24_Env__establishment_probability(plant::RcppR6::RcppR6<plant::Individual<plant::TF24f_Strategy<double> ,plant::TF24_Environment<double> > > obj_, plant::TF24_Environment<double> environment)
   double Individual___TF24f__TF24_Env__net_mass_production_dt(plant::RcppR6::RcppR6<plant::Individual<plant::TF24f_Strategy<double> ,plant::TF24_Environment<double> > > obj_, plant::TF24_Environment<double> environment)
   void Individual___TF24f__TF24_Env__reset_mortality(plant::RcppR6::RcppR6<plant::Individual<plant::TF24f_Strategy<double> ,plant::TF24_Environment<double> > > obj_)
   double Individual___TF24f__TF24_Env__resource_compensation_point(plant::RcppR6::RcppR6<plant::Individual<plant::TF24f_Strategy<double> ,plant::TF24_Environment<double> > > obj_)
   plant::TF24f_Strategy<double> Individual___TF24f__TF24_Env__strategy__get(plant::RcppR6::RcppR6<plant::Individual<plant::TF24f_Strategy<double> ,plant::TF24_Environment<double> > > obj_)
   plant::Internals<double> Individual___TF24f__TF24_Env__internals__get(plant::RcppR6::RcppR6<plant::Individual<plant::TF24f_Strategy<double> ,plant::TF24_Environment<double> > > obj_)
   size_t Individual___TF24f__TF24_Env__aux_size__get(plant::RcppR6::RcppR6<plant::Individual<plant::TF24f_Strategy<double> ,plant::TF24_Environment<double> > > obj_)
   size_t Individual___TF24f__TF24_Env__ode_size__get(plant::RcppR6::RcppR6<plant::Individual<plant::TF24f_Strategy<double> ,plant::TF24_Environment<double> > > obj_)
   std::vector<std::string> Individual___TF24f__TF24_Env__ode_names__get(plant::RcppR6::RcppR6<plant::Individual<plant::TF24f_Strategy<double> ,plant::TF24_Environment<double> > > obj_)
   std::vector<std::string> Individual___TF24f__TF24_Env__aux_names__get(plant::RcppR6::RcppR6<plant::Individual<plant::TF24f_Strategy<double> ,plant::TF24_Environment<double> > > obj_)
   std::vector<double> Individual___TF24f__TF24_Env__ode_state__get(plant::RcppR6::RcppR6<plant::Individual<plant::TF24f_Strategy<double> ,plant::TF24_Environment<double> > > obj_)
   void Individual___TF24f__TF24_Env__ode_state__set(plant::RcppR6::RcppR6<plant::Individual<plant::TF24f_Strategy<double> ,plant::TF24_Environment<double> > > obj_, std::vector<double> value)
   std::vector<double> Individual___TF24f__TF24_Env__ode_rates__get(plant::RcppR6::RcppR6<plant::Individual<plant::TF24f_Strategy<double> ,plant::TF24_Environment<double> > > obj_)
   double Individual___TF24f__TF24_Env__mortality_probability__get(plant::RcppR6::RcppR6<plant::Individual<plant::TF24f_Strategy<double> ,plant::TF24_Environment<double> > > obj_)
   std::string Individual___TF24f__TF24_Env__strategy_name__get(plant::RcppR6::RcppR6<plant::Individual<plant::TF24f_Strategy<double> ,plant::TF24_Environment<double> > > obj_)
   plant::Individual<plant::K93_Strategy,plant::K93_Environment> Individual___K93__K93_Env__ctor(plant::K93_Strategy s)
   double Individual___K93__K93_Env__state(plant::RcppR6::RcppR6<plant::Individual<plant::K93_Strategy,plant::K93_Environment> > obj_, std::string name)
   double Individual___K93__K93_Env__rate(plant::RcppR6::RcppR6<plant::Individual<plant::K93_Strategy,plant::K93_Environment> > obj_, std::string name)
   double Individual___K93__K93_Env__aux(plant::RcppR6::RcppR6<plant::Individual<plant::K93_Strategy,plant::K93_Environment> > obj_, std::string name)
   void Individual___K93__K93_Env__set_state(plant::RcppR6::RcppR6<plant::Individual<plant::K93_Strategy,plant::K93_Environment> > obj_, std::string name, double v)
   double Individual___K93__K93_Env__compute_competition(plant::RcppR6::RcppR6<plant::Individual<plant::K93_Strategy,plant::K93_Environment> > obj_, double h)
   void Individual___K93__K93_Env__compute_rates(plant::RcppR6::RcppR6<plant::Individual<plant::K93_Strategy,plant::K93_Environment> > obj_, plant::K93_Environment environment)
   void Individual___K93__K93_Env__set_initial_states(plant::RcppR6::RcppR6<plant::Individual<plant::K93_Strategy,plant::K93_Environment> > obj_, plant::K93_Environment environment)
   double Individual___K93__K93_Env__establishment_probability(plant::RcppR6::RcppR6<plant::Individual<plant::K93_Strategy,plant::K93_Environment> > obj_, plant::K93_Environment environment)
   double Individual___K93__K93_Env__net_mass_production_dt(plant::RcppR6::RcppR6<plant::Individual<plant::K93_Strategy,plant::K93_Environment> > obj_, plant::K93_Environment environment)
   void Individual___K93__K93_Env__reset_mortality(plant::RcppR6::RcppR6<plant::Individual<plant::K93_Strategy,plant::K93_Environment> > obj_)
   double Individual___K93__K93_Env__resource_compensation_point(plant::RcppR6::RcppR6<plant::Individual<plant::K93_Strategy,plant::K93_Environment> > obj_)
   plant::K93_Strategy Individual___K93__K93_Env__strategy__get(plant::RcppR6::RcppR6<plant::Individual<plant::K93_Strategy,plant::K93_Environment> > obj_)
   plant::Internals<double> Individual___K93__K93_Env__internals__get(plant::RcppR6::RcppR6<plant::Individual<plant::K93_Strategy,plant::K93_Environment> > obj_)
   size_t Individual___K93__K93_Env__aux_size__get(plant::RcppR6::RcppR6<plant::Individual<plant::K93_Strategy,plant::K93_Environment> > obj_)
   size_t Individual___K93__K93_Env__ode_size__get(plant::RcppR6::RcppR6<plant::Individual<plant::K93_Strategy,plant::K93_Environment> > obj_)
   std::vector<std::string> Individual___K93__K93_Env__ode_names__get(plant::RcppR6::RcppR6<plant::Individual<plant::K93_Strategy,plant::K93_Environment> > obj_)
   std::vector<std::string> Individual___K93__K93_Env__aux_names__get(plant::RcppR6::RcppR6<plant::Individual<plant::K93_Strategy,plant::K93_Environment> > obj_)
   std::vector<double> Individual___K93__K93_Env__ode_state__get(plant::RcppR6::RcppR6<plant::Individual<plant::K93_Strategy,plant::K93_Environment> > obj_)
   void Individual___K93__K93_Env__ode_state__set(plant::RcppR6::RcppR6<plant::Individual<plant::K93_Strategy,plant::K93_Environment> > obj_, std::vector<double> value)
   std::vector<double> Individual___K93__K93_Env__ode_rates__get(plant::RcppR6::RcppR6<plant::Individual<plant::K93_Strategy,plant::K93_Environment> > obj_)
   double Individual___K93__K93_Env__mortality_probability__get(plant::RcppR6::RcppR6<plant::Individual<plant::K93_Strategy,plant::K93_Environment> > obj_)
   std::string Individual___K93__K93_Env__strategy_name__get(plant::RcppR6::RcppR6<plant::Individual<plant::K93_Strategy,plant::K93_Environment> > obj_)
   plant::tools::IndividualRunner<plant::FF16_Strategy,plant::FF16_Environment> IndividualRunner___FF16__FF16_Env__ctor(plant::Individual<plant::FF16_Strategy,plant::FF16_Environment> individual, plant::FF16_Environment environment)
   plant::Individual<plant::FF16_Strategy,plant::FF16_Environment> IndividualRunner___FF16__FF16_Env__individual__get(plant::RcppR6::RcppR6<plant::tools::IndividualRunner<plant::FF16_Strategy,plant::FF16_Environment> > obj_)
   void IndividualRunner___FF16__FF16_Env__individual__set(plant::RcppR6::RcppR6<plant::tools::IndividualRunner<plant::FF16_Strategy,plant::FF16_Environment> > obj_, plant::Individual<plant::FF16_Strategy,plant::FF16_Environment> value)
   plant::tools::IndividualRunner<plant::TF24_Strategy<double> ,plant::TF24_Environment<double> > IndividualRunner___TF24__TF24_Env__ctor(plant::Individual<plant::TF24_Strategy<double> ,plant::TF24_Environment<double> > individual, plant::TF24_Environment<double> environment)
   plant::Individual<plant::TF24_Strategy<double> ,plant::TF24_Environment<double> > IndividualRunner___TF24__TF24_Env__individual__get(plant::RcppR6::RcppR6<plant::tools::IndividualRunner<plant::TF24_Strategy<double> ,plant::TF24_Environment<double> > > obj_)
   void IndividualRunner___TF24__TF24_Env__individual__set(plant::RcppR6::RcppR6<plant::tools::IndividualRunner<plant::TF24_Strategy<double> ,plant::TF24_Environment<double> > > obj_, plant::Individual<plant::TF24_Strategy<double> ,plant::TF24_Environment<double> > value)
   plant::tools::IndividualRunner<plant::TF24f_Strategy<double> ,plant::TF24_Environment<double> > IndividualRunner___TF24f__TF24_Env__ctor(plant::Individual<plant::TF24f_Strategy<double> ,plant::TF24_Environment<double> > individual, plant::TF24_Environment<double> environment)
   plant::Individual<plant::TF24f_Strategy<double> ,plant::TF24_Environment<double> > IndividualRunner___TF24f__TF24_Env__individual__get(plant::RcppR6::RcppR6<plant::tools::IndividualRunner<plant::TF24f_Strategy<double> ,plant::TF24_Environment<double> > > obj_)
   void IndividualRunner___TF24f__TF24_Env__individual__set(plant::RcppR6::RcppR6<plant::tools::IndividualRunner<plant::TF24f_Strategy<double> ,plant::TF24_Environment<double> > > obj_, plant::Individual<plant::TF24f_Strategy<double> ,plant::TF24_Environment<double> > value)
   plant::tools::IndividualRunner<plant::K93_Strategy,plant::K93_Environment> IndividualRunner___K93__K93_Env__ctor(plant::Individual<plant::K93_Strategy,plant::K93_Environment> individual, plant::K93_Environment environment)
   plant::Individual<plant::K93_Strategy,plant::K93_Environment> IndividualRunner___K93__K93_Env__individual__get(plant::RcppR6::RcppR6<plant::tools::IndividualRunner<plant::K93_Strategy,plant::K93_Environment> > obj_)
   void IndividualRunner___K93__K93_Env__individual__set(plant::RcppR6::RcppR6<plant::tools::IndividualRunner<plant::K93_Strategy,plant::K93_Environment> > obj_, plant::Individual<plant::K93_Strategy,plant::K93_Environment> value)
   plant::Internals<double> Internals__ctor(size_t s_size, size_t a_size)
   double Internals__state(plant::RcppR6::RcppR6<plant::Internals<double> > obj_, int i)
   double Internals__rate(plant::RcppR6::RcppR6<plant::Internals<double> > obj_, int i)
   double Internals__aux(plant::RcppR6::RcppR6<plant::Internals<double> > obj_, int i)
   void Internals__set_aux(plant::RcppR6::RcppR6<plant::Internals<double> > obj_, int i, double v)
   void Internals__set_state(plant::RcppR6::RcppR6<plant::Internals<double> > obj_, int i, double v)
   void Internals__set_rate(plant::RcppR6::RcppR6<plant::Internals<double> > obj_, int i, double v)
   void Internals__resize(plant::RcppR6::RcppR6<plant::Internals<double> > obj_, size_t new_size, size_t new_aux_size)
   size_t Internals__state_size__get(plant::RcppR6::RcppR6<plant::Internals<double> > obj_)
   void Internals__state_size__set(plant::RcppR6::RcppR6<plant::Internals<double> > obj_, size_t value)
   size_t Internals__aux_size__get(plant::RcppR6::RcppR6<plant::Internals<double> > obj_)
   void Internals__aux_size__set(plant::RcppR6::RcppR6<plant::Internals<double> > obj_, size_t value)
   std::vector<double> Internals__states__get(plant::RcppR6::RcppR6<plant::Internals<double> > obj_)
   void Internals__states__set(plant::RcppR6::RcppR6<plant::Internals<double> > obj_, std::vector<double> value)
   std::vector<double> Internals__rates__get(plant::RcppR6::RcppR6<plant::Internals<double> > obj_)
   void Internals__rates__set(plant::RcppR6::RcppR6<plant::Internals<double> > obj_, std::vector<double> value)
   std::vector<double> Internals__auxs__get(plant::RcppR6::RcppR6<plant::Internals<double> > obj_)
   void Internals__auxs__set(plant::RcppR6::RcppR6<plant::Internals<double> > obj_, std::vector<double> value)
   SEXP Parameters___FF16__FF16_Env__ctor()
   SEXP Parameters___FF16__FF16_Env__vdor(SEXP obj)
   SEXP Parameters___TF24__TF24_Env__ctor()
   SEXP Parameters___TF24__TF24_Env__vdor(SEXP obj)
   SEXP Parameters___TF24f__TF24_Env__ctor()
   SEXP Parameters___TF24f__TF24_Env__vdor(SEXP obj)
   SEXP Parameters___K93__K93_Env__ctor()
   SEXP Parameters___K93__K93_Env__vdor(SEXP obj)
   plant::Node<plant::FF16_Strategy,plant::FF16_Environment> Node___FF16__FF16_Env__ctor(plant::FF16_Strategy strategy)
   double Node___FF16__FF16_Env__compute_competition(plant::RcppR6::RcppR6<plant::Node<plant::FF16_Strategy,plant::FF16_Environment> > obj_, double height)
   double Node___FF16__FF16_Env__growth_rate_gradient(plant::RcppR6::RcppR6<plant::Node<plant::FF16_Strategy,plant::FF16_Environment> > obj_, plant::FF16_Environment environment)
   void Node___FF16__FF16_Env__compute_rates(plant::RcppR6::RcppR6<plant::Node<plant::FF16_Strategy,plant::FF16_Environment> > obj_, plant::FF16_Environment environment, double pr_patch_survival)
   void Node___FF16__FF16_Env__compute_initial_conditions(plant::RcppR6::RcppR6<plant::Node<plant::FF16_Strategy,plant::FF16_Environment> > obj_, plant::FF16_Environment environment, double pr_patch_survival, double birth_rate)
   plant::Individual<plant::FF16_Strategy,plant::FF16_Environment> Node___FF16__FF16_Env__individual__get(plant::RcppR6::RcppR6<plant::Node<plant::FF16_Strategy,plant::FF16_Environment> > obj_)
   double Node___FF16__FF16_Env__height__get(plant::RcppR6::RcppR6<plant::Node<plant::FF16_Strategy,plant::FF16_Environment> > obj_)
   double Node___FF16__FF16_Env__log_density__get(plant::RcppR6::RcppR6<plant::Node<plant::FF16_Strategy,plant::FF16_Environment> > obj_)
   double Node___FF16__FF16_Env__fecundity__get(plant::RcppR6::RcppR6<plant::Node<plant::FF16_Strategy,plant::FF16_Environment> > obj_)
   size_t Node___FF16__FF16_Env__ode_size__get(plant::RcppR6::RcppR6<plant::Node<plant::FF16_Strategy,plant::FF16_Environment> > obj_)
   std::vector<double> Node___FF16__FF16_Env__ode_state__get(plant::RcppR6::RcppR6<plant::Node<plant::FF16_Strategy,plant::FF16_Environment> > obj_)
   void Node___FF16__FF16_Env__ode_state__set(plant::RcppR6::RcppR6<plant::Node<plant::FF16_Strategy,plant::FF16_Environment> > obj_, std::vector<double> value)
   std::vector<double> Node___FF16__FF16_Env__ode_rates__get(plant::RcppR6::RcppR6<plant::Node<plant::FF16_Strategy,plant::FF16_Environment> > obj_)
   std::vector<std::string> Node___FF16__FF16_Env__ode_names__get(plant::RcppR6::RcppR6<plant::Node<plant::FF16_Strategy,plant::FF16_Environment> > obj_)
   plant::Node<plant::TF24_Strategy<double> ,plant::TF24_Environment<double> > Node___TF24__TF24_Env__ctor(plant::TF24_Strategy<double> strategy)
   double Node___TF24__TF24_Env__compute_competition(plant::RcppR6::RcppR6<plant::Node<plant::TF24_Strategy<double> ,plant::TF24_Environment<double> > > obj_, double height)
   double Node___TF24__TF24_Env__growth_rate_gradient(plant::RcppR6::RcppR6<plant::Node<plant::TF24_Strategy<double> ,plant::TF24_Environment<double> > > obj_, plant::TF24_Environment<double> environment)
   void Node___TF24__TF24_Env__compute_rates(plant::RcppR6::RcppR6<plant::Node<plant::TF24_Strategy<double> ,plant::TF24_Environment<double> > > obj_, plant::TF24_Environment<double> environment, double pr_patch_survival)
   void Node___TF24__TF24_Env__compute_initial_conditions(plant::RcppR6::RcppR6<plant::Node<plant::TF24_Strategy<double> ,plant::TF24_Environment<double> > > obj_, plant::TF24_Environment<double> environment, double pr_patch_survival, double birth_rate)
   plant::Individual<plant::TF24_Strategy<double> ,plant::TF24_Environment<double> > Node___TF24__TF24_Env__individual__get(plant::RcppR6::RcppR6<plant::Node<plant::TF24_Strategy<double> ,plant::TF24_Environment<double> > > obj_)
   double Node___TF24__TF24_Env__height__get(plant::RcppR6::RcppR6<plant::Node<plant::TF24_Strategy<double> ,plant::TF24_Environment<double> > > obj_)
   double Node___TF24__TF24_Env__log_density__get(plant::RcppR6::RcppR6<plant::Node<plant::TF24_Strategy<double> ,plant::TF24_Environment<double> > > obj_)
   double Node___TF24__TF24_Env__fecundity__get(plant::RcppR6::RcppR6<plant::Node<plant::TF24_Strategy<double> ,plant::TF24_Environment<double> > > obj_)
   size_t Node___TF24__TF24_Env__ode_size__get(plant::RcppR6::RcppR6<plant::Node<plant::TF24_Strategy<double> ,plant::TF24_Environment<double> > > obj_)
   std::vector<double> Node___TF24__TF24_Env__ode_state__get(plant::RcppR6::RcppR6<plant::Node<plant::TF24_Strategy<double> ,plant::TF24_Environment<double> > > obj_)
   void Node___TF24__TF24_Env__ode_state__set(plant::RcppR6::RcppR6<plant::Node<plant::TF24_Strategy<double> ,plant::TF24_Environment<double> > > obj_, std::vector<double> value)
   std::vector<double> Node___TF24__TF24_Env__ode_rates__get(plant::RcppR6::RcppR6<plant::Node<plant::TF24_Strategy<double> ,plant::TF24_Environment<double> > > obj_)
   std::vector<std::string> Node___TF24__TF24_Env__ode_names__get(plant::RcppR6::RcppR6<plant::Node<plant::TF24_Strategy<double> ,plant::TF24_Environment<double> > > obj_)
   plant::Node<plant::TF24f_Strategy<double> ,plant::TF24_Environment<double> > Node___TF24f__TF24_Env__ctor(plant::TF24f_Strategy<double> strategy)
   double Node___TF24f__TF24_Env__compute_competition(plant::RcppR6::RcppR6<plant::Node<plant::TF24f_Strategy<double> ,plant::TF24_Environment<double> > > obj_, double height)
   double Node___TF24f__TF24_Env__growth_rate_gradient(plant::RcppR6::RcppR6<plant::Node<plant::TF24f_Strategy<double> ,plant::TF24_Environment<double> > > obj_, plant::TF24_Environment<double> environment)
   void Node___TF24f__TF24_Env__compute_rates(plant::RcppR6::RcppR6<plant::Node<plant::TF24f_Strategy<double> ,plant::TF24_Environment<double> > > obj_, plant::TF24_Environment<double> environment, double pr_patch_survival)
   void Node___TF24f__TF24_Env__compute_initial_conditions(plant::RcppR6::RcppR6<plant::Node<plant::TF24f_Strategy<double> ,plant::TF24_Environment<double> > > obj_, plant::TF24_Environment<double> environment, double pr_patch_survival, double birth_rate)
   plant::Individual<plant::TF24f_Strategy<double> ,plant::TF24_Environment<double> > Node___TF24f__TF24_Env__individual__get(plant::RcppR6::RcppR6<plant::Node<plant::TF24f_Strategy<double> ,plant::TF24_Environment<double> > > obj_)
   double Node___TF24f__TF24_Env__height__get(plant::RcppR6::RcppR6<plant::Node<plant::TF24f_Strategy<double> ,plant::TF24_Environment<double> > > obj_)
   double Node___TF24f__TF24_Env__log_density__get(plant::RcppR6::RcppR6<plant::Node<plant::TF24f_Strategy<double> ,plant::TF24_Environment<double> > > obj_)
   double Node___TF24f__TF24_Env__fecundity__get(plant::RcppR6::RcppR6<plant::Node<plant::TF24f_Strategy<double> ,plant::TF24_Environment<double> > > obj_)
   size_t Node___TF24f__TF24_Env__ode_size__get(plant::RcppR6::RcppR6<plant::Node<plant::TF24f_Strategy<double> ,plant::TF24_Environment<double> > > obj_)
   std::vector<double> Node___TF24f__TF24_Env__ode_state__get(plant::RcppR6::RcppR6<plant::Node<plant::TF24f_Strategy<double> ,plant::TF24_Environment<double> > > obj_)
   void Node___TF24f__TF24_Env__ode_state__set(plant::RcppR6::RcppR6<plant::Node<plant::TF24f_Strategy<double> ,plant::TF24_Environment<double> > > obj_, std::vector<double> value)
   std::vector<double> Node___TF24f__TF24_Env__ode_rates__get(plant::RcppR6::RcppR6<plant::Node<plant::TF24f_Strategy<double> ,plant::TF24_Environment<double> > > obj_)
   std::vector<std::string> Node___TF24f__TF24_Env__ode_names__get(plant::RcppR6::RcppR6<plant::Node<plant::TF24f_Strategy<double> ,plant::TF24_Environment<double> > > obj_)
   plant::Node<plant::K93_Strategy,plant::K93_Environment> Node___K93__K93_Env__ctor(plant::K93_Strategy strategy)
   double Node___K93__K93_Env__compute_competition(plant::RcppR6::RcppR6<plant::Node<plant::K93_Strategy,plant::K93_Environment> > obj_, double height)
   double Node___K93__K93_Env__growth_rate_gradient(plant::RcppR6::RcppR6<plant::Node<plant::K93_Strategy,plant::K93_Environment> > obj_, plant::K93_Environment environment)
   void Node___K93__K93_Env__compute_rates(plant::RcppR6::RcppR6<plant::Node<plant::K93_Strategy,plant::K93_Environment> > obj_, plant::K93_Environment environment, double pr_patch_survival)
   void Node___K93__K93_Env__compute_initial_conditions(plant::RcppR6::RcppR6<plant::Node<plant::K93_Strategy,plant::K93_Environment> > obj_, plant::K93_Environment environment, double pr_patch_survival, double birth_rate)
   plant::Individual<plant::K93_Strategy,plant::K93_Environment> Node___K93__K93_Env__individual__get(plant::RcppR6::RcppR6<plant::Node<plant::K93_Strategy,plant::K93_Environment> > obj_)
   double Node___K93__K93_Env__height__get(plant::RcppR6::RcppR6<plant::Node<plant::K93_Strategy,plant::K93_Environment> > obj_)
   double Node___K93__K93_Env__log_density__get(plant::RcppR6::RcppR6<plant::Node<plant::K93_Strategy,plant::K93_Environment> > obj_)
   double Node___K93__K93_Env__fecundity__get(plant::RcppR6::RcppR6<plant::Node<plant::K93_Strategy,plant::K93_Environment> > obj_)
   size_t Node___K93__K93_Env__ode_size__get(plant::RcppR6::RcppR6<plant::Node<plant::K93_Strategy,plant::K93_Environment> > obj_)
   std::vector<double> Node___K93__K93_Env__ode_state__get(plant::RcppR6::RcppR6<plant::Node<plant::K93_Strategy,plant::K93_Environment> > obj_)
   void Node___K93__K93_Env__ode_state__set(plant::RcppR6::RcppR6<plant::Node<plant::K93_Strategy,plant::K93_Environment> > obj_, std::vector<double> value)
   std::vector<double> Node___K93__K93_Env__ode_rates__get(plant::RcppR6::RcppR6<plant::Node<plant::K93_Strategy,plant::K93_Environment> > obj_)
   std::vector<std::string> Node___K93__K93_Env__ode_names__get(plant::RcppR6::RcppR6<plant::Node<plant::K93_Strategy,plant::K93_Environment> > obj_)
   plant::Species<plant::FF16_Strategy,plant::FF16_Environment> Species___FF16__FF16_Env__ctor(plant::FF16_Strategy strategy)
   void Species___FF16__FF16_Env__clear(plant::RcppR6::RcppR6<plant::Species<plant::FF16_Strategy,plant::FF16_Environment> > obj_)
   void Species___FF16__FF16_Env__compute_rates(plant::RcppR6::RcppR6<plant::Species<plant::FF16_Strategy,plant::FF16_Environment> > obj_, plant::FF16_Environment environment, double pr_patch_survival, double birth_rate)
   double Species___FF16__FF16_Env__compute_competition(plant::RcppR6::RcppR6<plant::Species<plant::FF16_Strategy,plant::FF16_Environment> > obj_, double height)
   void Species___FF16__FF16_Env__introduce_new_node(plant::RcppR6::RcppR6<plant::Species<plant::FF16_Strategy,plant::FF16_Environment> > obj_)
   plant::Node<plant::FF16_Strategy,plant::FF16_Environment> Species___FF16__FF16_Env__node_at(plant::RcppR6::RcppR6<plant::Species<plant::FF16_Strategy,plant::FF16_Environment> > obj_, plant::util::index index)
   std::vector<double> Species___FF16__FF16_Env__compute_competition_effect_by_nodes_error(plant::RcppR6::RcppR6<plant::Species<plant::FF16_Strategy,plant::FF16_Environment> > obj_, double scal)
   void Species___FF16__FF16_Env__set_birth_state(plant::RcppR6::RcppR6<plant::Species<plant::FF16_Strategy,plant::FF16_Environment> > obj_, const std::vector<double>& times, const std::vector<double>& patch_density, const std::vector<double>& pr_patch_survival)
   size_t Species___FF16__FF16_Env__size__get(plant::RcppR6::RcppR6<plant::Species<plant::FF16_Strategy,plant::FF16_Environment> > obj_)
   plant::Node<plant::FF16_Strategy,plant::FF16_Environment> Species___FF16__FF16_Env__new_node__get(plant::RcppR6::RcppR6<plant::Species<plant::FF16_Strategy,plant::FF16_Environment> > obj_)
   double Species___FF16__FF16_Env__height_max__get(plant::RcppR6::RcppR6<plant::Species<plant::FF16_Strategy,plant::FF16_Environment> > obj_)
   std::vector<double> Species___FF16__FF16_Env__heights__get(plant::RcppR6::RcppR6<plant::Species<plant::FF16_Strategy,plant::FF16_Environment> > obj_)
   void Species___FF16__FF16_Env__heights__set(plant::RcppR6::RcppR6<plant::Species<plant::FF16_Strategy,plant::FF16_Environment> > obj_, std::vector<double> value)
   std::vector<double> Species___FF16__FF16_Env__log_densities__get(plant::RcppR6::RcppR6<plant::Species<plant::FF16_Strategy,plant::FF16_Environment> > obj_)
   std::vector<double> Species___FF16__FF16_Env__node_times__get(plant::RcppR6::RcppR6<plant::Species<plant::FF16_Strategy,plant::FF16_Environment> > obj_)
   std::vector<double> Species___FF16__FF16_Env__patch_densities__get(plant::RcppR6::RcppR6<plant::Species<plant::FF16_Strategy,plant::FF16_Environment> > obj_)
   std::vector<double> Species___FF16__FF16_Env__pr_patch_survival_at_birth__get(plant::RcppR6::RcppR6<plant::Species<plant::FF16_Strategy,plant::FF16_Environment> > obj_)
   std::vector<plant::Node<plant::FF16_Strategy,plant::FF16_Environment> > Species___FF16__FF16_Env__nodes__get(plant::RcppR6::RcppR6<plant::Species<plant::FF16_Strategy,plant::FF16_Environment> > obj_)
   std::vector<double> Species___FF16__FF16_Env__net_reproduction_ratio_by_node__get(plant::RcppR6::RcppR6<plant::Species<plant::FF16_Strategy,plant::FF16_Environment> > obj_)
   std::vector<double> Species___FF16__FF16_Env__compute_competition_effect_by_nodes__get(plant::RcppR6::RcppR6<plant::Species<plant::FF16_Strategy,plant::FF16_Environment> > obj_)
   plant::ExtrinsicDrivers Species___FF16__FF16_Env__extrinsic_drivers__get(plant::RcppR6::RcppR6<plant::Species<plant::FF16_Strategy,plant::FF16_Environment> > obj_)
   size_t Species___FF16__FF16_Env__ode_size__get(plant::RcppR6::RcppR6<plant::Species<plant::FF16_Strategy,plant::FF16_Environment> > obj_)
   std::vector<double> Species___FF16__FF16_Env__ode_state__get(plant::RcppR6::RcppR6<plant::Species<plant::FF16_Strategy,plant::FF16_Environment> > obj_)
   void Species___FF16__FF16_Env__ode_state__set(plant::RcppR6::RcppR6<plant::Species<plant::FF16_Strategy,plant::FF16_Environment> > obj_, std::vector<double> value)
   std::vector<double> Species___FF16__FF16_Env__ode_rates__get(plant::RcppR6::RcppR6<plant::Species<plant::FF16_Strategy,plant::FF16_Environment> > obj_)
   plant::Species<plant::TF24_Strategy<double> ,plant::TF24_Environment<double> > Species___TF24__TF24_Env__ctor(plant::TF24_Strategy<double> strategy)
   void Species___TF24__TF24_Env__clear(plant::RcppR6::RcppR6<plant::Species<plant::TF24_Strategy<double> ,plant::TF24_Environment<double> > > obj_)
   void Species___TF24__TF24_Env__compute_rates(plant::RcppR6::RcppR6<plant::Species<plant::TF24_Strategy<double> ,plant::TF24_Environment<double> > > obj_, plant::TF24_Environment<double> environment, double pr_patch_survival, double birth_rate)
   double Species___TF24__TF24_Env__compute_competition(plant::RcppR6::RcppR6<plant::Species<plant::TF24_Strategy<double> ,plant::TF24_Environment<double> > > obj_, double height)
   void Species___TF24__TF24_Env__introduce_new_node(plant::RcppR6::RcppR6<plant::Species<plant::TF24_Strategy<double> ,plant::TF24_Environment<double> > > obj_)
   plant::Node<plant::TF24_Strategy<double> ,plant::TF24_Environment<double> > Species___TF24__TF24_Env__node_at(plant::RcppR6::RcppR6<plant::Species<plant::TF24_Strategy<double> ,plant::TF24_Environment<double> > > obj_, plant::util::index index)
   std::vector<double> Species___TF24__TF24_Env__compute_competition_effect_by_nodes_error(plant::RcppR6::RcppR6<plant::Species<plant::TF24_Strategy<double> ,plant::TF24_Environment<double> > > obj_, double scal)
   void Species___TF24__TF24_Env__set_birth_state(plant::RcppR6::RcppR6<plant::Species<plant::TF24_Strategy<double> ,plant::TF24_Environment<double> > > obj_, const std::vector<double>& times, const std::vector<double>& patch_density, const std::vector<double>& pr_patch_survival)
   size_t Species___TF24__TF24_Env__size__get(plant::RcppR6::RcppR6<plant::Species<plant::TF24_Strategy<double> ,plant::TF24_Environment<double> > > obj_)
   plant::Node<plant::TF24_Strategy<double> ,plant::TF24_Environment<double> > Species___TF24__TF24_Env__new_node__get(plant::RcppR6::RcppR6<plant::Species<plant::TF24_Strategy<double> ,plant::TF24_Environment<double> > > obj_)
   double Species___TF24__TF24_Env__height_max__get(plant::RcppR6::RcppR6<plant::Species<plant::TF24_Strategy<double> ,plant::TF24_Environment<double> > > obj_)
   std::vector<double> Species___TF24__TF24_Env__heights__get(plant::RcppR6::RcppR6<plant::Species<plant::TF24_Strategy<double> ,plant::TF24_Environment<double> > > obj_)
   void Species___TF24__TF24_Env__heights__set(plant::RcppR6::RcppR6<plant::Species<plant::TF24_Strategy<double> ,plant::TF24_Environment<double> > > obj_, std::vector<double> value)
   std::vector<double> Species___TF24__TF24_Env__log_densities__get(plant::RcppR6::RcppR6<plant::Species<plant::TF24_Strategy<double> ,plant::TF24_Environment<double> > > obj_)
   std::vector<double> Species___TF24__TF24_Env__node_times__get(plant::RcppR6::RcppR6<plant::Species<plant::TF24_Strategy<double> ,plant::TF24_Environment<double> > > obj_)
   std::vector<double> Species___TF24__TF24_Env__patch_densities__get(plant::RcppR6::RcppR6<plant::Species<plant::TF24_Strategy<double> ,plant::TF24_Environment<double> > > obj_)
   std::vector<double> Species___TF24__TF24_Env__pr_patch_survival_at_birth__get(plant::RcppR6::RcppR6<plant::Species<plant::TF24_Strategy<double> ,plant::TF24_Environment<double> > > obj_)
   std::vector<plant::Node<plant::TF24_Strategy<double> ,plant::TF24_Environment<double> > > Species___TF24__TF24_Env__nodes__get(plant::RcppR6::RcppR6<plant::Species<plant::TF24_Strategy<double> ,plant::TF24_Environment<double> > > obj_)
   std::vector<double> Species___TF24__TF24_Env__net_reproduction_ratio_by_node__get(plant::RcppR6::RcppR6<plant::Species<plant::TF24_Strategy<double> ,plant::TF24_Environment<double> > > obj_)
   std::vector<double> Species___TF24__TF24_Env__compute_competition_effect_by_nodes__get(plant::RcppR6::RcppR6<plant::Species<plant::TF24_Strategy<double> ,plant::TF24_Environment<double> > > obj_)
   plant::ExtrinsicDrivers Species___TF24__TF24_Env__extrinsic_drivers__get(plant::RcppR6::RcppR6<plant::Species<plant::TF24_Strategy<double> ,plant::TF24_Environment<double> > > obj_)
   size_t Species___TF24__TF24_Env__ode_size__get(plant::RcppR6::RcppR6<plant::Species<plant::TF24_Strategy<double> ,plant::TF24_Environment<double> > > obj_)
   std::vector<double> Species___TF24__TF24_Env__ode_state__get(plant::RcppR6::RcppR6<plant::Species<plant::TF24_Strategy<double> ,plant::TF24_Environment<double> > > obj_)
   void Species___TF24__TF24_Env__ode_state__set(plant::RcppR6::RcppR6<plant::Species<plant::TF24_Strategy<double> ,plant::TF24_Environment<double> > > obj_, std::vector<double> value)
   std::vector<double> Species___TF24__TF24_Env__ode_rates__get(plant::RcppR6::RcppR6<plant::Species<plant::TF24_Strategy<double> ,plant::TF24_Environment<double> > > obj_)
   plant::Species<plant::TF24f_Strategy<double> ,plant::TF24_Environment<double> > Species___TF24f__TF24_Env__ctor(plant::TF24f_Strategy<double> strategy)
   void Species___TF24f__TF24_Env__clear(plant::RcppR6::RcppR6<plant::Species<plant::TF24f_Strategy<double> ,plant::TF24_Environment<double> > > obj_)
   void Species___TF24f__TF24_Env__compute_rates(plant::RcppR6::RcppR6<plant::Species<plant::TF24f_Strategy<double> ,plant::TF24_Environment<double> > > obj_, plant::TF24_Environment<double> environment, double pr_patch_survival, double birth_rate)
   double Species___TF24f__TF24_Env__compute_competition(plant::RcppR6::RcppR6<plant::Species<plant::TF24f_Strategy<double> ,plant::TF24_Environment<double> > > obj_, double height)
   void Species___TF24f__TF24_Env__introduce_new_node(plant::RcppR6::RcppR6<plant::Species<plant::TF24f_Strategy<double> ,plant::TF24_Environment<double> > > obj_)
   plant::Node<plant::TF24f_Strategy<double> ,plant::TF24_Environment<double> > Species___TF24f__TF24_Env__node_at(plant::RcppR6::RcppR6<plant::Species<plant::TF24f_Strategy<double> ,plant::TF24_Environment<double> > > obj_, plant::util::index index)
   std::vector<double> Species___TF24f__TF24_Env__compute_competition_effect_by_nodes_error(plant::RcppR6::RcppR6<plant::Species<plant::TF24f_Strategy<double> ,plant::TF24_Environment<double> > > obj_, double scal)
   void Species___TF24f__TF24_Env__set_birth_state(plant::RcppR6::RcppR6<plant::Species<plant::TF24f_Strategy<double> ,plant::TF24_Environment<double> > > obj_, const std::vector<double>& times, const std::vector<double>& patch_density, const std::vector<double>& pr_patch_survival)
   size_t Species___TF24f__TF24_Env__size__get(plant::RcppR6::RcppR6<plant::Species<plant::TF24f_Strategy<double> ,plant::TF24_Environment<double> > > obj_)
   plant::Node<plant::TF24f_Strategy<double> ,plant::TF24_Environment<double> > Species___TF24f__TF24_Env__new_node__get(plant::RcppR6::RcppR6<plant::Species<plant::TF24f_Strategy<double> ,plant::TF24_Environment<double> > > obj_)
   double Species___TF24f__TF24_Env__height_max__get(plant::RcppR6::RcppR6<plant::Species<plant::TF24f_Strategy<double> ,plant::TF24_Environment<double> > > obj_)
   std::vector<double> Species___TF24f__TF24_Env__heights__get(plant::RcppR6::RcppR6<plant::Species<plant::TF24f_Strategy<double> ,plant::TF24_Environment<double> > > obj_)
   void Species___TF24f__TF24_Env__heights__set(plant::RcppR6::RcppR6<plant::Species<plant::TF24f_Strategy<double> ,plant::TF24_Environment<double> > > obj_, std::vector<double> value)
   std::vector<double> Species___TF24f__TF24_Env__log_densities__get(plant::RcppR6::RcppR6<plant::Species<plant::TF24f_Strategy<double> ,plant::TF24_Environment<double> > > obj_)
   std::vector<double> Species___TF24f__TF24_Env__node_times__get(plant::RcppR6::RcppR6<plant::Species<plant::TF24f_Strategy<double> ,plant::TF24_Environment<double> > > obj_)
   std::vector<double> Species___TF24f__TF24_Env__patch_densities__get(plant::RcppR6::RcppR6<plant::Species<plant::TF24f_Strategy<double> ,plant::TF24_Environment<double> > > obj_)
   std::vector<double> Species___TF24f__TF24_Env__pr_patch_survival_at_birth__get(plant::RcppR6::RcppR6<plant::Species<plant::TF24f_Strategy<double> ,plant::TF24_Environment<double> > > obj_)
   std::vector<plant::Node<plant::TF24f_Strategy<double> ,plant::TF24_Environment<double> > > Species___TF24f__TF24_Env__nodes__get(plant::RcppR6::RcppR6<plant::Species<plant::TF24f_Strategy<double> ,plant::TF24_Environment<double> > > obj_)
   std::vector<double> Species___TF24f__TF24_Env__net_reproduction_ratio_by_node__get(plant::RcppR6::RcppR6<plant::Species<plant::TF24f_Strategy<double> ,plant::TF24_Environment<double> > > obj_)
   std::vector<double> Species___TF24f__TF24_Env__compute_competition_effect_by_nodes__get(plant::RcppR6::RcppR6<plant::Species<plant::TF24f_Strategy<double> ,plant::TF24_Environment<double> > > obj_)
   plant::ExtrinsicDrivers Species___TF24f__TF24_Env__extrinsic_drivers__get(plant::RcppR6::RcppR6<plant::Species<plant::TF24f_Strategy<double> ,plant::TF24_Environment<double> > > obj_)
   size_t Species___TF24f__TF24_Env__ode_size__get(plant::RcppR6::RcppR6<plant::Species<plant::TF24f_Strategy<double> ,plant::TF24_Environment<double> > > obj_)
   std::vector<double> Species___TF24f__TF24_Env__ode_state__get(plant::RcppR6::RcppR6<plant::Species<plant::TF24f_Strategy<double> ,plant::TF24_Environment<double> > > obj_)
   void Species___TF24f__TF24_Env__ode_state__set(plant::RcppR6::RcppR6<plant::Species<plant::TF24f_Strategy<double> ,plant::TF24_Environment<double> > > obj_, std::vector<double> value)
   std::vector<double> Species___TF24f__TF24_Env__ode_rates__get(plant::RcppR6::RcppR6<plant::Species<plant::TF24f_Strategy<double> ,plant::TF24_Environment<double> > > obj_)
   plant::Species<plant::K93_Strategy,plant::K93_Environment> Species___K93__K93_Env__ctor(plant::K93_Strategy strategy)
   void Species___K93__K93_Env__clear(plant::RcppR6::RcppR6<plant::Species<plant::K93_Strategy,plant::K93_Environment> > obj_)
   void Species___K93__K93_Env__compute_rates(plant::RcppR6::RcppR6<plant::Species<plant::K93_Strategy,plant::K93_Environment> > obj_, plant::K93_Environment environment, double pr_patch_survival, double birth_rate)
   double Species___K93__K93_Env__compute_competition(plant::RcppR6::RcppR6<plant::Species<plant::K93_Strategy,plant::K93_Environment> > obj_, double height)
   void Species___K93__K93_Env__introduce_new_node(plant::RcppR6::RcppR6<plant::Species<plant::K93_Strategy,plant::K93_Environment> > obj_)
   plant::Node<plant::K93_Strategy,plant::K93_Environment> Species___K93__K93_Env__node_at(plant::RcppR6::RcppR6<plant::Species<plant::K93_Strategy,plant::K93_Environment> > obj_, plant::util::index index)
   std::vector<double> Species___K93__K93_Env__compute_competition_effect_by_nodes_error(plant::RcppR6::RcppR6<plant::Species<plant::K93_Strategy,plant::K93_Environment> > obj_, double scal)
   void Species___K93__K93_Env__set_birth_state(plant::RcppR6::RcppR6<plant::Species<plant::K93_Strategy,plant::K93_Environment> > obj_, const std::vector<double>& times, const std::vector<double>& patch_density, const std::vector<double>& pr_patch_survival)
   size_t Species___K93__K93_Env__size__get(plant::RcppR6::RcppR6<plant::Species<plant::K93_Strategy,plant::K93_Environment> > obj_)
   plant::Node<plant::K93_Strategy,plant::K93_Environment> Species___K93__K93_Env__new_node__get(plant::RcppR6::RcppR6<plant::Species<plant::K93_Strategy,plant::K93_Environment> > obj_)
   double Species___K93__K93_Env__height_max__get(plant::RcppR6::RcppR6<plant::Species<plant::K93_Strategy,plant::K93_Environment> > obj_)
   std::vector<double> Species___K93__K93_Env__heights__get(plant::RcppR6::RcppR6<plant::Species<plant::K93_Strategy,plant::K93_Environment> > obj_)
   void Species___K93__K93_Env__heights__set(plant::RcppR6::RcppR6<plant::Species<plant::K93_Strategy,plant::K93_Environment> > obj_, std::vector<double> value)
   std::vector<double> Species___K93__K93_Env__log_densities__get(plant::RcppR6::RcppR6<plant::Species<plant::K93_Strategy,plant::K93_Environment> > obj_)
   std::vector<double> Species___K93__K93_Env__node_times__get(plant::RcppR6::RcppR6<plant::Species<plant::K93_Strategy,plant::K93_Environment> > obj_)
   std::vector<double> Species___K93__K93_Env__patch_densities__get(plant::RcppR6::RcppR6<plant::Species<plant::K93_Strategy,plant::K93_Environment> > obj_)
   std::vector<double> Species___K93__K93_Env__pr_patch_survival_at_birth__get(plant::RcppR6::RcppR6<plant::Species<plant::K93_Strategy,plant::K93_Environment> > obj_)
   std::vector<plant::Node<plant::K93_Strategy,plant::K93_Environment> > Species___K93__K93_Env__nodes__get(plant::RcppR6::RcppR6<plant::Species<plant::K93_Strategy,plant::K93_Environment> > obj_)
   std::vector<double> Species___K93__K93_Env__net_reproduction_ratio_by_node__get(plant::RcppR6::RcppR6<plant::Species<plant::K93_Strategy,plant::K93_Environment> > obj_)
   std::vector<double> Species___K93__K93_Env__compute_competition_effect_by_nodes__get(plant::RcppR6::RcppR6<plant::Species<plant::K93_Strategy,plant::K93_Environment> > obj_)
   plant::ExtrinsicDrivers Species___K93__K93_Env__extrinsic_drivers__get(plant::RcppR6::RcppR6<plant::Species<plant::K93_Strategy,plant::K93_Environment> > obj_)
   size_t Species___K93__K93_Env__ode_size__get(plant::RcppR6::RcppR6<plant::Species<plant::K93_Strategy,plant::K93_Environment> > obj_)
   std::vector<double> Species___K93__K93_Env__ode_state__get(plant::RcppR6::RcppR6<plant::Species<plant::K93_Strategy,plant::K93_Environment> > obj_)
   void Species___K93__K93_Env__ode_state__set(plant::RcppR6::RcppR6<plant::Species<plant::K93_Strategy,plant::K93_Environment> > obj_, std::vector<double> value)
   std::vector<double> Species___K93__K93_Env__ode_rates__get(plant::RcppR6::RcppR6<plant::Species<plant::K93_Strategy,plant::K93_Environment> > obj_)
   plant::Patch<plant::FF16_Strategy,plant::FF16_Environment> Patch___FF16__FF16_Env__ctor(plant::Parameters<plant::FF16_Strategy,plant::FF16_Environment> parameters, plant::FF16_Environment environment, plant::Control control)
   void Patch___FF16__FF16_Env__introduce_new_node(plant::RcppR6::RcppR6<plant::Patch<plant::FF16_Strategy,plant::FF16_Environment> > obj_, plant::util::index species_index)
   void Patch___FF16__FF16_Env__compute_environment(plant::RcppR6::RcppR6<plant::Patch<plant::FF16_Strategy,plant::FF16_Environment> > obj_)
   void Patch___FF16__FF16_Env__compute_rates(plant::RcppR6::RcppR6<plant::Patch<plant::FF16_Strategy,plant::FF16_Environment> > obj_)
   void Patch___FF16__FF16_Env__reset(plant::RcppR6::RcppR6<plant::Patch<plant::FF16_Strategy,plant::FF16_Environment> > obj_)
   void Patch___FF16__FF16_Env__set_ode_state(plant::RcppR6::RcppR6<plant::Patch<plant::FF16_Strategy,plant::FF16_Environment> > obj_, std::vector<double> values, double time)
   void Patch___FF16__FF16_Env__set_ode_aux(plant::RcppR6::RcppR6<plant::Patch<plant::FF16_Strategy,plant::FF16_Environment> > obj_, std::vector<double> values)
   std::vector<double> Patch___FF16__FF16_Env__derivs(plant::RcppR6::RcppR6<plant::Patch<plant::FF16_Strategy,plant::FF16_Environment> > obj_, const std::vector<double>& y, double time)
   void Patch___FF16__FF16_Env__set_time(plant::RcppR6::RcppR6<plant::Patch<plant::FF16_Strategy,plant::FF16_Environment> > obj_, double time)
   void Patch___FF16__FF16_Env__set_state(plant::RcppR6::RcppR6<plant::Patch<plant::FF16_Strategy,plant::FF16_Environment> > obj_, double time, const std::vector<double>& state, const std::vector<size_t>& n, const std::vector<double>& env)
   double Patch___FF16__FF16_Env__density(plant::RcppR6::RcppR6<plant::Patch<plant::FF16_Strategy,plant::FF16_Environment> > obj_, double time)
   double Patch___FF16__FF16_Env__pr_survival(plant::RcppR6::RcppR6<plant::Patch<plant::FF16_Strategy,plant::FF16_Environment> > obj_, double time)
   double Patch___FF16__FF16_Env__disturbance_mean_interval(plant::RcppR6::RcppR6<plant::Patch<plant::FF16_Strategy,plant::FF16_Environment> > obj_)
   double Patch___FF16__FF16_Env__survival_weighting_cdf(plant::RcppR6::RcppR6<plant::Patch<plant::FF16_Strategy,plant::FF16_Environment> > obj_, double time)
   double Patch___FF16__FF16_Env__survival_weighting_icdf(plant::RcppR6::RcppR6<plant::Patch<plant::FF16_Strategy,plant::FF16_Environment> > obj_, double prob)
   double Patch___FF16__FF16_Env__compute_competition(plant::RcppR6::RcppR6<plant::Patch<plant::FF16_Strategy,plant::FF16_Environment> > obj_, double height)
   std::vector<double> Patch___FF16__FF16_Env__compute_competition_and_slope(plant::RcppR6::RcppR6<plant::Patch<plant::FF16_Strategy,plant::FF16_Environment> > obj_, double z)
   double Patch___FF16__FF16_Env__time__get(plant::RcppR6::RcppR6<plant::Patch<plant::FF16_Strategy,plant::FF16_Environment> > obj_)
   size_t Patch___FF16__FF16_Env__size__get(plant::RcppR6::RcppR6<plant::Patch<plant::FF16_Strategy,plant::FF16_Environment> > obj_)
   double Patch___FF16__FF16_Env__get_area__get(plant::RcppR6::RcppR6<plant::Patch<plant::FF16_Strategy,plant::FF16_Environment> > obj_)
   double Patch___FF16__FF16_Env__height_max__get(plant::RcppR6::RcppR6<plant::Patch<plant::FF16_Strategy,plant::FF16_Environment> > obj_)
   plant::Parameters<plant::FF16_Strategy,plant::FF16_Environment> Patch___FF16__FF16_Env__parameters__get(plant::RcppR6::RcppR6<plant::Patch<plant::FF16_Strategy,plant::FF16_Environment> > obj_)
   plant::FF16_Environment Patch___FF16__FF16_Env__environment__get(plant::RcppR6::RcppR6<plant::Patch<plant::FF16_Strategy,plant::FF16_Environment> > obj_)
   std::vector<plant::Species<plant::FF16_Strategy,plant::FF16_Environment> > Patch___FF16__FF16_Env__species__get(plant::RcppR6::RcppR6<plant::Patch<plant::FF16_Strategy,plant::FF16_Environment> > obj_)
   size_t Patch___FF16__FF16_Env__ode_size__get(plant::RcppR6::RcppR6<plant::Patch<plant::FF16_Strategy,plant::FF16_Environment> > obj_)
   double Patch___FF16__FF16_Env__ode_time__get(plant::RcppR6::RcppR6<plant::Patch<plant::FF16_Strategy,plant::FF16_Environment> > obj_)
   std::vector<double> Patch___FF16__FF16_Env__ode_state__get(plant::RcppR6::RcppR6<plant::Patch<plant::FF16_Strategy,plant::FF16_Environment> > obj_)
   std::vector<double> Patch___FF16__FF16_Env__ode_rates__get(plant::RcppR6::RcppR6<plant::Patch<plant::FF16_Strategy,plant::FF16_Environment> > obj_)
   std::vector<double> Patch___FF16__FF16_Env__ode_aux__get(plant::RcppR6::RcppR6<plant::Patch<plant::FF16_Strategy,plant::FF16_Environment> > obj_)
   size_t Patch___FF16__FF16_Env__node_ode_size__get(plant::RcppR6::RcppR6<plant::Patch<plant::FF16_Strategy,plant::FF16_Environment> > obj_)
   Rcpp::List Patch___FF16__FF16_Env__state__get(plant::RcppR6::RcppR6<plant::Patch<plant::FF16_Strategy,plant::FF16_Environment> > obj_)
   plant::Patch<plant::TF24_Strategy<double> ,plant::TF24_Environment<double> > Patch___TF24__TF24_Env__ctor(plant::Parameters<plant::TF24_Strategy<double> ,plant::TF24_Environment<double> > parameters, plant::TF24_Environment<double> environment, plant::Control control)
   void Patch___TF24__TF24_Env__introduce_new_node(plant::RcppR6::RcppR6<plant::Patch<plant::TF24_Strategy<double> ,plant::TF24_Environment<double> > > obj_, plant::util::index species_index)
   void Patch___TF24__TF24_Env__compute_environment(plant::RcppR6::RcppR6<plant::Patch<plant::TF24_Strategy<double> ,plant::TF24_Environment<double> > > obj_)
   void Patch___TF24__TF24_Env__compute_rates(plant::RcppR6::RcppR6<plant::Patch<plant::TF24_Strategy<double> ,plant::TF24_Environment<double> > > obj_)
   void Patch___TF24__TF24_Env__reset(plant::RcppR6::RcppR6<plant::Patch<plant::TF24_Strategy<double> ,plant::TF24_Environment<double> > > obj_)
   void Patch___TF24__TF24_Env__set_ode_state(plant::RcppR6::RcppR6<plant::Patch<plant::TF24_Strategy<double> ,plant::TF24_Environment<double> > > obj_, std::vector<double> values, double time)
   void Patch___TF24__TF24_Env__set_ode_aux(plant::RcppR6::RcppR6<plant::Patch<plant::TF24_Strategy<double> ,plant::TF24_Environment<double> > > obj_, std::vector<double> values)
   std::vector<double> Patch___TF24__TF24_Env__derivs(plant::RcppR6::RcppR6<plant::Patch<plant::TF24_Strategy<double> ,plant::TF24_Environment<double> > > obj_, const std::vector<double>& y, double time)
   void Patch___TF24__TF24_Env__set_time(plant::RcppR6::RcppR6<plant::Patch<plant::TF24_Strategy<double> ,plant::TF24_Environment<double> > > obj_, double time)
   void Patch___TF24__TF24_Env__set_state(plant::RcppR6::RcppR6<plant::Patch<plant::TF24_Strategy<double> ,plant::TF24_Environment<double> > > obj_, double time, const std::vector<double>& state, const std::vector<size_t>& n, const std::vector<double>& env)
   double Patch___TF24__TF24_Env__density(plant::RcppR6::RcppR6<plant::Patch<plant::TF24_Strategy<double> ,plant::TF24_Environment<double> > > obj_, double time)
   double Patch___TF24__TF24_Env__pr_survival(plant::RcppR6::RcppR6<plant::Patch<plant::TF24_Strategy<double> ,plant::TF24_Environment<double> > > obj_, double time)
   double Patch___TF24__TF24_Env__disturbance_mean_interval(plant::RcppR6::RcppR6<plant::Patch<plant::TF24_Strategy<double> ,plant::TF24_Environment<double> > > obj_)
   double Patch___TF24__TF24_Env__survival_weighting_cdf(plant::RcppR6::RcppR6<plant::Patch<plant::TF24_Strategy<double> ,plant::TF24_Environment<double> > > obj_, double time)
   double Patch___TF24__TF24_Env__survival_weighting_icdf(plant::RcppR6::RcppR6<plant::Patch<plant::TF24_Strategy<double> ,plant::TF24_Environment<double> > > obj_, double prob)
   double Patch___TF24__TF24_Env__compute_competition(plant::RcppR6::RcppR6<plant::Patch<plant::TF24_Strategy<double> ,plant::TF24_Environment<double> > > obj_, double height)
   std::vector<double> Patch___TF24__TF24_Env__compute_competition_and_slope(plant::RcppR6::RcppR6<plant::Patch<plant::TF24_Strategy<double> ,plant::TF24_Environment<double> > > obj_, double z)
   double Patch___TF24__TF24_Env__time__get(plant::RcppR6::RcppR6<plant::Patch<plant::TF24_Strategy<double> ,plant::TF24_Environment<double> > > obj_)
   size_t Patch___TF24__TF24_Env__size__get(plant::RcppR6::RcppR6<plant::Patch<plant::TF24_Strategy<double> ,plant::TF24_Environment<double> > > obj_)
   double Patch___TF24__TF24_Env__get_area__get(plant::RcppR6::RcppR6<plant::Patch<plant::TF24_Strategy<double> ,plant::TF24_Environment<double> > > obj_)
   double Patch___TF24__TF24_Env__height_max__get(plant::RcppR6::RcppR6<plant::Patch<plant::TF24_Strategy<double> ,plant::TF24_Environment<double> > > obj_)
   plant::Parameters<plant::TF24_Strategy<double> ,plant::TF24_Environment<double> > Patch___TF24__TF24_Env__parameters__get(plant::RcppR6::RcppR6<plant::Patch<plant::TF24_Strategy<double> ,plant::TF24_Environment<double> > > obj_)
   plant::TF24_Environment<double> Patch___TF24__TF24_Env__environment__get(plant::RcppR6::RcppR6<plant::Patch<plant::TF24_Strategy<double> ,plant::TF24_Environment<double> > > obj_)
   std::vector<plant::Species<plant::TF24_Strategy<double> ,plant::TF24_Environment<double> > > Patch___TF24__TF24_Env__species__get(plant::RcppR6::RcppR6<plant::Patch<plant::TF24_Strategy<double> ,plant::TF24_Environment<double> > > obj_)
   size_t Patch___TF24__TF24_Env__ode_size__get(plant::RcppR6::RcppR6<plant::Patch<plant::TF24_Strategy<double> ,plant::TF24_Environment<double> > > obj_)
   double Patch___TF24__TF24_Env__ode_time__get(plant::RcppR6::RcppR6<plant::Patch<plant::TF24_Strategy<double> ,plant::TF24_Environment<double> > > obj_)
   std::vector<double> Patch___TF24__TF24_Env__ode_state__get(plant::RcppR6::RcppR6<plant::Patch<plant::TF24_Strategy<double> ,plant::TF24_Environment<double> > > obj_)
   std::vector<double> Patch___TF24__TF24_Env__ode_rates__get(plant::RcppR6::RcppR6<plant::Patch<plant::TF24_Strategy<double> ,plant::TF24_Environment<double> > > obj_)
   std::vector<double> Patch___TF24__TF24_Env__ode_aux__get(plant::RcppR6::RcppR6<plant::Patch<plant::TF24_Strategy<double> ,plant::TF24_Environment<double> > > obj_)
   size_t Patch___TF24__TF24_Env__node_ode_size__get(plant::RcppR6::RcppR6<plant::Patch<plant::TF24_Strategy<double> ,plant::TF24_Environment<double> > > obj_)
   Rcpp::List Patch___TF24__TF24_Env__state__get(plant::RcppR6::RcppR6<plant::Patch<plant::TF24_Strategy<double> ,plant::TF24_Environment<double> > > obj_)
   plant::Patch<plant::TF24f_Strategy<double> ,plant::TF24_Environment<double> > Patch___TF24f__TF24_Env__ctor(plant::Parameters<plant::TF24f_Strategy<double> ,plant::TF24_Environment<double> > parameters, plant::TF24_Environment<double> environment, plant::Control control)
   void Patch___TF24f__TF24_Env__introduce_new_node(plant::RcppR6::RcppR6<plant::Patch<plant::TF24f_Strategy<double> ,plant::TF24_Environment<double> > > obj_, plant::util::index species_index)
   void Patch___TF24f__TF24_Env__compute_environment(plant::RcppR6::RcppR6<plant::Patch<plant::TF24f_Strategy<double> ,plant::TF24_Environment<double> > > obj_)
   void Patch___TF24f__TF24_Env__compute_rates(plant::RcppR6::RcppR6<plant::Patch<plant::TF24f_Strategy<double> ,plant::TF24_Environment<double> > > obj_)
   void Patch___TF24f__TF24_Env__reset(plant::RcppR6::RcppR6<plant::Patch<plant::TF24f_Strategy<double> ,plant::TF24_Environment<double> > > obj_)
   void Patch___TF24f__TF24_Env__set_ode_state(plant::RcppR6::RcppR6<plant::Patch<plant::TF24f_Strategy<double> ,plant::TF24_Environment<double> > > obj_, std::vector<double> values, double time)
   void Patch___TF24f__TF24_Env__set_ode_aux(plant::RcppR6::RcppR6<plant::Patch<plant::TF24f_Strategy<double> ,plant::TF24_Environment<double> > > obj_, std::vector<double> values)
   std::vector<double> Patch___TF24f__TF24_Env__derivs(plant::RcppR6::RcppR6<plant::Patch<plant::TF24f_Strategy<double> ,plant::TF24_Environment<double> > > obj_, const std::vector<double>& y, double time)
   void Patch___TF24f__TF24_Env__set_time(plant::RcppR6::RcppR6<plant::Patch<plant::TF24f_Strategy<double> ,plant::TF24_Environment<double> > > obj_, double time)
   void Patch___TF24f__TF24_Env__set_state(plant::RcppR6::RcppR6<plant::Patch<plant::TF24f_Strategy<double> ,plant::TF24_Environment<double> > > obj_, double time, const std::vector<double>& state, const std::vector<size_t>& n, const std::vector<double>& env)
   double Patch___TF24f__TF24_Env__density(plant::RcppR6::RcppR6<plant::Patch<plant::TF24f_Strategy<double> ,plant::TF24_Environment<double> > > obj_, double time)
   double Patch___TF24f__TF24_Env__pr_survival(plant::RcppR6::RcppR6<plant::Patch<plant::TF24f_Strategy<double> ,plant::TF24_Environment<double> > > obj_, double time)
   double Patch___TF24f__TF24_Env__disturbance_mean_interval(plant::RcppR6::RcppR6<plant::Patch<plant::TF24f_Strategy<double> ,plant::TF24_Environment<double> > > obj_)
   double Patch___TF24f__TF24_Env__survival_weighting_cdf(plant::RcppR6::RcppR6<plant::Patch<plant::TF24f_Strategy<double> ,plant::TF24_Environment<double> > > obj_, double time)
   double Patch___TF24f__TF24_Env__survival_weighting_icdf(plant::RcppR6::RcppR6<plant::Patch<plant::TF24f_Strategy<double> ,plant::TF24_Environment<double> > > obj_, double prob)
   double Patch___TF24f__TF24_Env__compute_competition(plant::RcppR6::RcppR6<plant::Patch<plant::TF24f_Strategy<double> ,plant::TF24_Environment<double> > > obj_, double height)
   std::vector<double> Patch___TF24f__TF24_Env__compute_competition_and_slope(plant::RcppR6::RcppR6<plant::Patch<plant::TF24f_Strategy<double> ,plant::TF24_Environment<double> > > obj_, double z)
   double Patch___TF24f__TF24_Env__time__get(plant::RcppR6::RcppR6<plant::Patch<plant::TF24f_Strategy<double> ,plant::TF24_Environment<double> > > obj_)
   size_t Patch___TF24f__TF24_Env__size__get(plant::RcppR6::RcppR6<plant::Patch<plant::TF24f_Strategy<double> ,plant::TF24_Environment<double> > > obj_)
   double Patch___TF24f__TF24_Env__get_area__get(plant::RcppR6::RcppR6<plant::Patch<plant::TF24f_Strategy<double> ,plant::TF24_Environment<double> > > obj_)
   double Patch___TF24f__TF24_Env__height_max__get(plant::RcppR6::RcppR6<plant::Patch<plant::TF24f_Strategy<double> ,plant::TF24_Environment<double> > > obj_)
   plant::Parameters<plant::TF24f_Strategy<double> ,plant::TF24_Environment<double> > Patch___TF24f__TF24_Env__parameters__get(plant::RcppR6::RcppR6<plant::Patch<plant::TF24f_Strategy<double> ,plant::TF24_Environment<double> > > obj_)
   plant::TF24_Environment<double> Patch___TF24f__TF24_Env__environment__get(plant::RcppR6::RcppR6<plant::Patch<plant::TF24f_Strategy<double> ,plant::TF24_Environment<double> > > obj_)
   std::vector<plant::Species<plant::TF24f_Strategy<double> ,plant::TF24_Environment<double> > > Patch___TF24f__TF24_Env__species__get(plant::RcppR6::RcppR6<plant::Patch<plant::TF24f_Strategy<double> ,plant::TF24_Environment<double> > > obj_)
   size_t Patch___TF24f__TF24_Env__ode_size__get(plant::RcppR6::RcppR6<plant::Patch<plant::TF24f_Strategy<double> ,plant::TF24_Environment<double> > > obj_)
   double Patch___TF24f__TF24_Env__ode_time__get(plant::RcppR6::RcppR6<plant::Patch<plant::TF24f_Strategy<double> ,plant::TF24_Environment<double> > > obj_)
   std::vector<double> Patch___TF24f__TF24_Env__ode_state__get(plant::RcppR6::RcppR6<plant::Patch<plant::TF24f_Strategy<double> ,plant::TF24_Environment<double> > > obj_)
   std::vector<double> Patch___TF24f__TF24_Env__ode_rates__get(plant::RcppR6::RcppR6<plant::Patch<plant::TF24f_Strategy<double> ,plant::TF24_Environment<double> > > obj_)
   std::vector<double> Patch___TF24f__TF24_Env__ode_aux__get(plant::RcppR6::RcppR6<plant::Patch<plant::TF24f_Strategy<double> ,plant::TF24_Environment<double> > > obj_)
   size_t Patch___TF24f__TF24_Env__node_ode_size__get(plant::RcppR6::RcppR6<plant::Patch<plant::TF24f_Strategy<double> ,plant::TF24_Environment<double> > > obj_)
   Rcpp::List Patch___TF24f__TF24_Env__state__get(plant::RcppR6::RcppR6<plant::Patch<plant::TF24f_Strategy<double> ,plant::TF24_Environment<double> > > obj_)
   plant::Patch<plant::K93_Strategy,plant::K93_Environment> Patch___K93__K93_Env__ctor(plant::Parameters<plant::K93_Strategy,plant::K93_Environment> parameters, plant::K93_Environment environment, plant::Control control)
   void Patch___K93__K93_Env__introduce_new_node(plant::RcppR6::RcppR6<plant::Patch<plant::K93_Strategy,plant::K93_Environment> > obj_, plant::util::index species_index)
   void Patch___K93__K93_Env__compute_environment(plant::RcppR6::RcppR6<plant::Patch<plant::K93_Strategy,plant::K93_Environment> > obj_)
   void Patch___K93__K93_Env__compute_rates(plant::RcppR6::RcppR6<plant::Patch<plant::K93_Strategy,plant::K93_Environment> > obj_)
   void Patch___K93__K93_Env__reset(plant::RcppR6::RcppR6<plant::Patch<plant::K93_Strategy,plant::K93_Environment> > obj_)
   void Patch___K93__K93_Env__set_ode_state(plant::RcppR6::RcppR6<plant::Patch<plant::K93_Strategy,plant::K93_Environment> > obj_, std::vector<double> values, double time)
   void Patch___K93__K93_Env__set_ode_aux(plant::RcppR6::RcppR6<plant::Patch<plant::K93_Strategy,plant::K93_Environment> > obj_, std::vector<double> values)
   std::vector<double> Patch___K93__K93_Env__derivs(plant::RcppR6::RcppR6<plant::Patch<plant::K93_Strategy,plant::K93_Environment> > obj_, const std::vector<double>& y, double time)
   void Patch___K93__K93_Env__set_time(plant::RcppR6::RcppR6<plant::Patch<plant::K93_Strategy,plant::K93_Environment> > obj_, double time)
   void Patch___K93__K93_Env__set_state(plant::RcppR6::RcppR6<plant::Patch<plant::K93_Strategy,plant::K93_Environment> > obj_, double time, const std::vector<double>& state, const std::vector<size_t>& n, const std::vector<double>& env)
   double Patch___K93__K93_Env__density(plant::RcppR6::RcppR6<plant::Patch<plant::K93_Strategy,plant::K93_Environment> > obj_, double time)
   double Patch___K93__K93_Env__pr_survival(plant::RcppR6::RcppR6<plant::Patch<plant::K93_Strategy,plant::K93_Environment> > obj_, double time)
   double Patch___K93__K93_Env__disturbance_mean_interval(plant::RcppR6::RcppR6<plant::Patch<plant::K93_Strategy,plant::K93_Environment> > obj_)
   double Patch___K93__K93_Env__survival_weighting_cdf(plant::RcppR6::RcppR6<plant::Patch<plant::K93_Strategy,plant::K93_Environment> > obj_, double time)
   double Patch___K93__K93_Env__survival_weighting_icdf(plant::RcppR6::RcppR6<plant::Patch<plant::K93_Strategy,plant::K93_Environment> > obj_, double prob)
   double Patch___K93__K93_Env__compute_competition(plant::RcppR6::RcppR6<plant::Patch<plant::K93_Strategy,plant::K93_Environment> > obj_, double height)
   std::vector<double> Patch___K93__K93_Env__compute_competition_and_slope(plant::RcppR6::RcppR6<plant::Patch<plant::K93_Strategy,plant::K93_Environment> > obj_, double z)
   double Patch___K93__K93_Env__time__get(plant::RcppR6::RcppR6<plant::Patch<plant::K93_Strategy,plant::K93_Environment> > obj_)
   size_t Patch___K93__K93_Env__size__get(plant::RcppR6::RcppR6<plant::Patch<plant::K93_Strategy,plant::K93_Environment> > obj_)
   double Patch___K93__K93_Env__get_area__get(plant::RcppR6::RcppR6<plant::Patch<plant::K93_Strategy,plant::K93_Environment> > obj_)
   double Patch___K93__K93_Env__height_max__get(plant::RcppR6::RcppR6<plant::Patch<plant::K93_Strategy,plant::K93_Environment> > obj_)
   plant::Parameters<plant::K93_Strategy,plant::K93_Environment> Patch___K93__K93_Env__parameters__get(plant::RcppR6::RcppR6<plant::Patch<plant::K93_Strategy,plant::K93_Environment> > obj_)
   plant::K93_Environment Patch___K93__K93_Env__environment__get(plant::RcppR6::RcppR6<plant::Patch<plant::K93_Strategy,plant::K93_Environment> > obj_)
   std::vector<plant::Species<plant::K93_Strategy,plant::K93_Environment> > Patch___K93__K93_Env__species__get(plant::RcppR6::RcppR6<plant::Patch<plant::K93_Strategy,plant::K93_Environment> > obj_)
   size_t Patch___K93__K93_Env__ode_size__get(plant::RcppR6::RcppR6<plant::Patch<plant::K93_Strategy,plant::K93_Environment> > obj_)
   double Patch___K93__K93_Env__ode_time__get(plant::RcppR6::RcppR6<plant::Patch<plant::K93_Strategy,plant::K93_Environment> > obj_)
   std::vector<double> Patch___K93__K93_Env__ode_state__get(plant::RcppR6::RcppR6<plant::Patch<plant::K93_Strategy,plant::K93_Environment> > obj_)
   std::vector<double> Patch___K93__K93_Env__ode_rates__get(plant::RcppR6::RcppR6<plant::Patch<plant::K93_Strategy,plant::K93_Environment> > obj_)
   std::vector<double> Patch___K93__K93_Env__ode_aux__get(plant::RcppR6::RcppR6<plant::Patch<plant::K93_Strategy,plant::K93_Environment> > obj_)
   size_t Patch___K93__K93_Env__node_ode_size__get(plant::RcppR6::RcppR6<plant::Patch<plant::K93_Strategy,plant::K93_Environment> > obj_)
   Rcpp::List Patch___K93__K93_Env__state__get(plant::RcppR6::RcppR6<plant::Patch<plant::K93_Strategy,plant::K93_Environment> > obj_)
   plant::SCM<plant::FF16_Strategy,plant::FF16_Environment> SCM___FF16__FF16_Env__ctor(plant::Parameters<plant::FF16_Strategy,plant::FF16_Environment> parameters, plant::FF16_Environment environment, plant::Control control)
   void SCM___FF16__FF16_Env__run(plant::RcppR6::RcppR6<plant::SCM<plant::FF16_Strategy,plant::FF16_Environment> > obj_)
   void SCM___FF16__FF16_Env__run_mutant(plant::RcppR6::RcppR6<plant::SCM<plant::FF16_Strategy,plant::FF16_Environment> > obj_, plant::Parameters<plant::FF16_Strategy,plant::FF16_Environment> p)
   Rcpp::List SCM___FF16__FF16_Env__store_trajectory(plant::RcppR6::RcppR6<plant::SCM<plant::FF16_Strategy,plant::FF16_Environment> > obj_)
   void SCM___FF16__FF16_Env__refine_schedule(plant::RcppR6::RcppR6<plant::SCM<plant::FF16_Strategy,plant::FF16_Environment> > obj_)
   void SCM___FF16__FF16_Env__reset(plant::RcppR6::RcppR6<plant::SCM<plant::FF16_Strategy,plant::FF16_Environment> > obj_)
   double SCM___FF16__FF16_Env__net_reproduction_ratio_for_species(plant::RcppR6::RcppR6<plant::SCM<plant::FF16_Strategy,plant::FF16_Environment> > obj_, plant::util::index species_index)
   std::vector<double> SCM___FF16__FF16_Env__compute_competition_effect_error_by_node_for_species_i(plant::RcppR6::RcppR6<plant::SCM<plant::FF16_Strategy,plant::FF16_Environment> > obj_, plant::util::index species_index)
   void SCM___FF16__FF16_Env__set_node_schedule_times(plant::RcppR6::RcppR6<plant::SCM<plant::FF16_Strategy,plant::FF16_Environment> > obj_, std::vector<std::vector<double>> times)
   double SCM___FF16__FF16_Env__time__get(plant::RcppR6::RcppR6<plant::SCM<plant::FF16_Strategy,plant::FF16_Environment> > obj_)
   std::vector<double> SCM___FF16__FF16_Env__net_reproduction_ratios__get(plant::RcppR6::RcppR6<plant::SCM<plant::FF16_Strategy,plant::FF16_Environment> > obj_)
   std::vector<double> SCM___FF16__FF16_Env__offspring_production__get(plant::RcppR6::RcppR6<plant::SCM<plant::FF16_Strategy,plant::FF16_Environment> > obj_)
   plant::Parameters<plant::FF16_Strategy,plant::FF16_Environment> SCM___FF16__FF16_Env__parameters__get(plant::RcppR6::RcppR6<plant::SCM<plant::FF16_Strategy,plant::FF16_Environment> > obj_)
   plant::Patch<plant::FF16_Strategy,plant::FF16_Environment> SCM___FF16__FF16_Env__patch__get(plant::RcppR6::RcppR6<plant::SCM<plant::FF16_Strategy,plant::FF16_Environment> > obj_)
   std::vector<plant::Patch<plant::FF16_Strategy,plant::FF16_Environment>> SCM___FF16__FF16_Env__history__get(plant::RcppR6::RcppR6<plant::SCM<plant::FF16_Strategy,plant::FF16_Environment> > obj_)
   std::vector<std::vector<double>> SCM___FF16__FF16_Env__net_reproduction_ratio_errors__get(plant::RcppR6::RcppR6<plant::SCM<plant::FF16_Strategy,plant::FF16_Environment> > obj_)
   std::vector<std::vector<double>> SCM___FF16__FF16_Env__refinement_error_by_node__get(plant::RcppR6::RcppR6<plant::SCM<plant::FF16_Strategy,plant::FF16_Environment> > obj_)
   plant::NodeSchedule SCM___FF16__FF16_Env__node_schedule__get(plant::RcppR6::RcppR6<plant::SCM<plant::FF16_Strategy,plant::FF16_Environment> > obj_)
   void SCM___FF16__FF16_Env__node_schedule__set(plant::RcppR6::RcppR6<plant::SCM<plant::FF16_Strategy,plant::FF16_Environment> > obj_, plant::NodeSchedule value)
   std::vector<double> SCM___FF16__FF16_Env__ode_times__get(plant::RcppR6::RcppR6<plant::SCM<plant::FF16_Strategy,plant::FF16_Environment> > obj_)
   bool SCM___FF16__FF16_Env__collect__get(plant::RcppR6::RcppR6<plant::SCM<plant::FF16_Strategy,plant::FF16_Environment> > obj_)
   void SCM___FF16__FF16_Env__collect__set(plant::RcppR6::RcppR6<plant::SCM<plant::FF16_Strategy,plant::FF16_Environment> > obj_, bool value)
   bool SCM___FF16__FF16_Env__collect_refinement_errors__get(plant::RcppR6::RcppR6<plant::SCM<plant::FF16_Strategy,plant::FF16_Environment> > obj_)
   void SCM___FF16__FF16_Env__collect_refinement_errors__set(plant::RcppR6::RcppR6<plant::SCM<plant::FF16_Strategy,plant::FF16_Environment> > obj_, bool value)
   plant::SCM<plant::TF24_Strategy<double> ,plant::TF24_Environment<double> > SCM___TF24__TF24_Env__ctor(plant::Parameters<plant::TF24_Strategy<double> ,plant::TF24_Environment<double> > parameters, plant::TF24_Environment<double> environment, plant::Control control)
   void SCM___TF24__TF24_Env__run(plant::RcppR6::RcppR6<plant::SCM<plant::TF24_Strategy<double> ,plant::TF24_Environment<double> > > obj_)
   void SCM___TF24__TF24_Env__run_mutant(plant::RcppR6::RcppR6<plant::SCM<plant::TF24_Strategy<double> ,plant::TF24_Environment<double> > > obj_, plant::Parameters<plant::TF24_Strategy<double> ,plant::TF24_Environment<double> > p)
   Rcpp::List SCM___TF24__TF24_Env__store_trajectory(plant::RcppR6::RcppR6<plant::SCM<plant::TF24_Strategy<double> ,plant::TF24_Environment<double> > > obj_)
   void SCM___TF24__TF24_Env__refine_schedule(plant::RcppR6::RcppR6<plant::SCM<plant::TF24_Strategy<double> ,plant::TF24_Environment<double> > > obj_)
   void SCM___TF24__TF24_Env__reset(plant::RcppR6::RcppR6<plant::SCM<plant::TF24_Strategy<double> ,plant::TF24_Environment<double> > > obj_)
   double SCM___TF24__TF24_Env__net_reproduction_ratio_for_species(plant::RcppR6::RcppR6<plant::SCM<plant::TF24_Strategy<double> ,plant::TF24_Environment<double> > > obj_, plant::util::index species_index)
   std::vector<double> SCM___TF24__TF24_Env__compute_competition_effect_error_by_node_for_species_i(plant::RcppR6::RcppR6<plant::SCM<plant::TF24_Strategy<double> ,plant::TF24_Environment<double> > > obj_, plant::util::index species_index)
   void SCM___TF24__TF24_Env__set_node_schedule_times(plant::RcppR6::RcppR6<plant::SCM<plant::TF24_Strategy<double> ,plant::TF24_Environment<double> > > obj_, std::vector<std::vector<double>> times)
   double SCM___TF24__TF24_Env__time__get(plant::RcppR6::RcppR6<plant::SCM<plant::TF24_Strategy<double> ,plant::TF24_Environment<double> > > obj_)
   std::vector<double> SCM___TF24__TF24_Env__net_reproduction_ratios__get(plant::RcppR6::RcppR6<plant::SCM<plant::TF24_Strategy<double> ,plant::TF24_Environment<double> > > obj_)
   std::vector<double> SCM___TF24__TF24_Env__offspring_production__get(plant::RcppR6::RcppR6<plant::SCM<plant::TF24_Strategy<double> ,plant::TF24_Environment<double> > > obj_)
   plant::Parameters<plant::TF24_Strategy<double> ,plant::TF24_Environment<double> > SCM___TF24__TF24_Env__parameters__get(plant::RcppR6::RcppR6<plant::SCM<plant::TF24_Strategy<double> ,plant::TF24_Environment<double> > > obj_)
   plant::Patch<plant::TF24_Strategy<double> ,plant::TF24_Environment<double> > SCM___TF24__TF24_Env__patch__get(plant::RcppR6::RcppR6<plant::SCM<plant::TF24_Strategy<double> ,plant::TF24_Environment<double> > > obj_)
   std::vector<plant::Patch<plant::TF24_Strategy<double> ,plant::TF24_Environment<double> >> SCM___TF24__TF24_Env__history__get(plant::RcppR6::RcppR6<plant::SCM<plant::TF24_Strategy<double> ,plant::TF24_Environment<double> > > obj_)
   std::vector<std::vector<double>> SCM___TF24__TF24_Env__net_reproduction_ratio_errors__get(plant::RcppR6::RcppR6<plant::SCM<plant::TF24_Strategy<double> ,plant::TF24_Environment<double> > > obj_)
   std::vector<std::vector<double>> SCM___TF24__TF24_Env__refinement_error_by_node__get(plant::RcppR6::RcppR6<plant::SCM<plant::TF24_Strategy<double> ,plant::TF24_Environment<double> > > obj_)
   plant::NodeSchedule SCM___TF24__TF24_Env__node_schedule__get(plant::RcppR6::RcppR6<plant::SCM<plant::TF24_Strategy<double> ,plant::TF24_Environment<double> > > obj_)
   void SCM___TF24__TF24_Env__node_schedule__set(plant::RcppR6::RcppR6<plant::SCM<plant::TF24_Strategy<double> ,plant::TF24_Environment<double> > > obj_, plant::NodeSchedule value)
   std::vector<double> SCM___TF24__TF24_Env__ode_times__get(plant::RcppR6::RcppR6<plant::SCM<plant::TF24_Strategy<double> ,plant::TF24_Environment<double> > > obj_)
   bool SCM___TF24__TF24_Env__collect__get(plant::RcppR6::RcppR6<plant::SCM<plant::TF24_Strategy<double> ,plant::TF24_Environment<double> > > obj_)
   void SCM___TF24__TF24_Env__collect__set(plant::RcppR6::RcppR6<plant::SCM<plant::TF24_Strategy<double> ,plant::TF24_Environment<double> > > obj_, bool value)
   bool SCM___TF24__TF24_Env__collect_refinement_errors__get(plant::RcppR6::RcppR6<plant::SCM<plant::TF24_Strategy<double> ,plant::TF24_Environment<double> > > obj_)
   void SCM___TF24__TF24_Env__collect_refinement_errors__set(plant::RcppR6::RcppR6<plant::SCM<plant::TF24_Strategy<double> ,plant::TF24_Environment<double> > > obj_, bool value)
   plant::SCM<plant::TF24f_Strategy<double> ,plant::TF24_Environment<double> > SCM___TF24f__TF24_Env__ctor(plant::Parameters<plant::TF24f_Strategy<double> ,plant::TF24_Environment<double> > parameters, plant::TF24_Environment<double> environment, plant::Control control)
   void SCM___TF24f__TF24_Env__run(plant::RcppR6::RcppR6<plant::SCM<plant::TF24f_Strategy<double> ,plant::TF24_Environment<double> > > obj_)
   void SCM___TF24f__TF24_Env__run_mutant(plant::RcppR6::RcppR6<plant::SCM<plant::TF24f_Strategy<double> ,plant::TF24_Environment<double> > > obj_, plant::Parameters<plant::TF24f_Strategy<double> ,plant::TF24_Environment<double> > p)
   Rcpp::List SCM___TF24f__TF24_Env__store_trajectory(plant::RcppR6::RcppR6<plant::SCM<plant::TF24f_Strategy<double> ,plant::TF24_Environment<double> > > obj_)
   void SCM___TF24f__TF24_Env__refine_schedule(plant::RcppR6::RcppR6<plant::SCM<plant::TF24f_Strategy<double> ,plant::TF24_Environment<double> > > obj_)
   void SCM___TF24f__TF24_Env__reset(plant::RcppR6::RcppR6<plant::SCM<plant::TF24f_Strategy<double> ,plant::TF24_Environment<double> > > obj_)
   double SCM___TF24f__TF24_Env__net_reproduction_ratio_for_species(plant::RcppR6::RcppR6<plant::SCM<plant::TF24f_Strategy<double> ,plant::TF24_Environment<double> > > obj_, plant::util::index species_index)
   std::vector<double> SCM___TF24f__TF24_Env__compute_competition_effect_error_by_node_for_species_i(plant::RcppR6::RcppR6<plant::SCM<plant::TF24f_Strategy<double> ,plant::TF24_Environment<double> > > obj_, plant::util::index species_index)
   void SCM___TF24f__TF24_Env__set_node_schedule_times(plant::RcppR6::RcppR6<plant::SCM<plant::TF24f_Strategy<double> ,plant::TF24_Environment<double> > > obj_, std::vector<std::vector<double>> times)
   double SCM___TF24f__TF24_Env__time__get(plant::RcppR6::RcppR6<plant::SCM<plant::TF24f_Strategy<double> ,plant::TF24_Environment<double> > > obj_)
   std::vector<double> SCM___TF24f__TF24_Env__net_reproduction_ratios__get(plant::RcppR6::RcppR6<plant::SCM<plant::TF24f_Strategy<double> ,plant::TF24_Environment<double> > > obj_)
   std::vector<double> SCM___TF24f__TF24_Env__offspring_production__get(plant::RcppR6::RcppR6<plant::SCM<plant::TF24f_Strategy<double> ,plant::TF24_Environment<double> > > obj_)
   plant::Parameters<plant::TF24f_Strategy<double> ,plant::TF24_Environment<double> > SCM___TF24f__TF24_Env__parameters__get(plant::RcppR6::RcppR6<plant::SCM<plant::TF24f_Strategy<double> ,plant::TF24_Environment<double> > > obj_)
   plant::Patch<plant::TF24f_Strategy<double> ,plant::TF24_Environment<double> > SCM___TF24f__TF24_Env__patch__get(plant::RcppR6::RcppR6<plant::SCM<plant::TF24f_Strategy<double> ,plant::TF24_Environment<double> > > obj_)
   std::vector<plant::Patch<plant::TF24f_Strategy<double> ,plant::TF24_Environment<double> >> SCM___TF24f__TF24_Env__history__get(plant::RcppR6::RcppR6<plant::SCM<plant::TF24f_Strategy<double> ,plant::TF24_Environment<double> > > obj_)
   std::vector<std::vector<double>> SCM___TF24f__TF24_Env__net_reproduction_ratio_errors__get(plant::RcppR6::RcppR6<plant::SCM<plant::TF24f_Strategy<double> ,plant::TF24_Environment<double> > > obj_)
   std::vector<std::vector<double>> SCM___TF24f__TF24_Env__refinement_error_by_node__get(plant::RcppR6::RcppR6<plant::SCM<plant::TF24f_Strategy<double> ,plant::TF24_Environment<double> > > obj_)
   plant::NodeSchedule SCM___TF24f__TF24_Env__node_schedule__get(plant::RcppR6::RcppR6<plant::SCM<plant::TF24f_Strategy<double> ,plant::TF24_Environment<double> > > obj_)
   void SCM___TF24f__TF24_Env__node_schedule__set(plant::RcppR6::RcppR6<plant::SCM<plant::TF24f_Strategy<double> ,plant::TF24_Environment<double> > > obj_, plant::NodeSchedule value)
   std::vector<double> SCM___TF24f__TF24_Env__ode_times__get(plant::RcppR6::RcppR6<plant::SCM<plant::TF24f_Strategy<double> ,plant::TF24_Environment<double> > > obj_)
   bool SCM___TF24f__TF24_Env__collect__get(plant::RcppR6::RcppR6<plant::SCM<plant::TF24f_Strategy<double> ,plant::TF24_Environment<double> > > obj_)
   void SCM___TF24f__TF24_Env__collect__set(plant::RcppR6::RcppR6<plant::SCM<plant::TF24f_Strategy<double> ,plant::TF24_Environment<double> > > obj_, bool value)
   bool SCM___TF24f__TF24_Env__collect_refinement_errors__get(plant::RcppR6::RcppR6<plant::SCM<plant::TF24f_Strategy<double> ,plant::TF24_Environment<double> > > obj_)
   void SCM___TF24f__TF24_Env__collect_refinement_errors__set(plant::RcppR6::RcppR6<plant::SCM<plant::TF24f_Strategy<double> ,plant::TF24_Environment<double> > > obj_, bool value)
   plant::SCM<plant::K93_Strategy,plant::K93_Environment> SCM___K93__K93_Env__ctor(plant::Parameters<plant::K93_Strategy,plant::K93_Environment> parameters, plant::K93_Environment environment, plant::Control control)
   void SCM___K93__K93_Env__run(plant::RcppR6::RcppR6<plant::SCM<plant::K93_Strategy,plant::K93_Environment> > obj_)
   void SCM___K93__K93_Env__run_mutant(plant::RcppR6::RcppR6<plant::SCM<plant::K93_Strategy,plant::K93_Environment> > obj_, plant::Parameters<plant::K93_Strategy,plant::K93_Environment> p)
   Rcpp::List SCM___K93__K93_Env__store_trajectory(plant::RcppR6::RcppR6<plant::SCM<plant::K93_Strategy,plant::K93_Environment> > obj_)
   void SCM___K93__K93_Env__refine_schedule(plant::RcppR6::RcppR6<plant::SCM<plant::K93_Strategy,plant::K93_Environment> > obj_)
   void SCM___K93__K93_Env__reset(plant::RcppR6::RcppR6<plant::SCM<plant::K93_Strategy,plant::K93_Environment> > obj_)
   double SCM___K93__K93_Env__net_reproduction_ratio_for_species(plant::RcppR6::RcppR6<plant::SCM<plant::K93_Strategy,plant::K93_Environment> > obj_, plant::util::index species_index)
   std::vector<double> SCM___K93__K93_Env__compute_competition_effect_error_by_node_for_species_i(plant::RcppR6::RcppR6<plant::SCM<plant::K93_Strategy,plant::K93_Environment> > obj_, plant::util::index species_index)
   void SCM___K93__K93_Env__set_node_schedule_times(plant::RcppR6::RcppR6<plant::SCM<plant::K93_Strategy,plant::K93_Environment> > obj_, std::vector<std::vector<double>> times)
   double SCM___K93__K93_Env__time__get(plant::RcppR6::RcppR6<plant::SCM<plant::K93_Strategy,plant::K93_Environment> > obj_)
   std::vector<double> SCM___K93__K93_Env__net_reproduction_ratios__get(plant::RcppR6::RcppR6<plant::SCM<plant::K93_Strategy,plant::K93_Environment> > obj_)
   std::vector<double> SCM___K93__K93_Env__offspring_production__get(plant::RcppR6::RcppR6<plant::SCM<plant::K93_Strategy,plant::K93_Environment> > obj_)
   plant::Parameters<plant::K93_Strategy,plant::K93_Environment> SCM___K93__K93_Env__parameters__get(plant::RcppR6::RcppR6<plant::SCM<plant::K93_Strategy,plant::K93_Environment> > obj_)
   plant::Patch<plant::K93_Strategy,plant::K93_Environment> SCM___K93__K93_Env__patch__get(plant::RcppR6::RcppR6<plant::SCM<plant::K93_Strategy,plant::K93_Environment> > obj_)
   std::vector<plant::Patch<plant::K93_Strategy,plant::K93_Environment>> SCM___K93__K93_Env__history__get(plant::RcppR6::RcppR6<plant::SCM<plant::K93_Strategy,plant::K93_Environment> > obj_)
   std::vector<std::vector<double>> SCM___K93__K93_Env__net_reproduction_ratio_errors__get(plant::RcppR6::RcppR6<plant::SCM<plant::K93_Strategy,plant::K93_Environment> > obj_)
   std::vector<std::vector<double>> SCM___K93__K93_Env__refinement_error_by_node__get(plant::RcppR6::RcppR6<plant::SCM<plant::K93_Strategy,plant::K93_Environment> > obj_)
   plant::NodeSchedule SCM___K93__K93_Env__node_schedule__get(plant::RcppR6::RcppR6<plant::SCM<plant::K93_Strategy,plant::K93_Environment> > obj_)
   void SCM___K93__K93_Env__node_schedule__set(plant::RcppR6::RcppR6<plant::SCM<plant::K93_Strategy,plant::K93_Environment> > obj_, plant::NodeSchedule value)
   std::vector<double> SCM___K93__K93_Env__ode_times__get(plant::RcppR6::RcppR6<plant::SCM<plant::K93_Strategy,plant::K93_Environment> > obj_)
   bool SCM___K93__K93_Env__collect__get(plant::RcppR6::RcppR6<plant::SCM<plant::K93_Strategy,plant::K93_Environment> > obj_)
   void SCM___K93__K93_Env__collect__set(plant::RcppR6::RcppR6<plant::SCM<plant::K93_Strategy,plant::K93_Environment> > obj_, bool value)
   bool SCM___K93__K93_Env__collect_refinement_errors__get(plant::RcppR6::RcppR6<plant::SCM<plant::K93_Strategy,plant::K93_Environment> > obj_)
   void SCM___K93__K93_Env__collect_refinement_errors__set(plant::RcppR6::RcppR6<plant::SCM<plant::K93_Strategy,plant::K93_Environment> > obj_, bool value)
   plant::StochasticSpecies<plant::FF16_Strategy,plant::FF16_Environment> StochasticSpecies___FF16__FF16_Env__ctor(plant::FF16_Strategy strategy)
   void StochasticSpecies___FF16__FF16_Env__clear(plant::RcppR6::RcppR6<plant::StochasticSpecies<plant::FF16_Strategy,plant::FF16_Environment> > obj_)
   void StochasticSpecies___FF16__FF16_Env__compute_rates(plant::RcppR6::RcppR6<plant::StochasticSpecies<plant::FF16_Strategy,plant::FF16_Environment> > obj_, plant::FF16_Environment environment)
   double StochasticSpecies___FF16__FF16_Env__compute_competition(plant::RcppR6::RcppR6<plant::StochasticSpecies<plant::FF16_Strategy,plant::FF16_Environment> > obj_, double height)
   void StochasticSpecies___FF16__FF16_Env__introduce_new_node(plant::RcppR6::RcppR6<plant::StochasticSpecies<plant::FF16_Strategy,plant::FF16_Environment> > obj_)
   plant::Individual<plant::FF16_Strategy,plant::FF16_Environment> StochasticSpecies___FF16__FF16_Env__individual_at(plant::RcppR6::RcppR6<plant::StochasticSpecies<plant::FF16_Strategy,plant::FF16_Environment> > obj_, plant::util::index index)
   size_t StochasticSpecies___FF16__FF16_Env__deaths(plant::RcppR6::RcppR6<plant::StochasticSpecies<plant::FF16_Strategy,plant::FF16_Environment> > obj_)
   double StochasticSpecies___FF16__FF16_Env__establishment_probability(plant::RcppR6::RcppR6<plant::StochasticSpecies<plant::FF16_Strategy,plant::FF16_Environment> > obj_, plant::FF16_Environment environment)
   size_t StochasticSpecies___FF16__FF16_Env__size__get(plant::RcppR6::RcppR6<plant::StochasticSpecies<plant::FF16_Strategy,plant::FF16_Environment> > obj_)
   size_t StochasticSpecies___FF16__FF16_Env__size_individuals__get(plant::RcppR6::RcppR6<plant::StochasticSpecies<plant::FF16_Strategy,plant::FF16_Environment> > obj_)
   plant::Individual<plant::FF16_Strategy,plant::FF16_Environment> StochasticSpecies___FF16__FF16_Env__new_node__get(plant::RcppR6::RcppR6<plant::StochasticSpecies<plant::FF16_Strategy,plant::FF16_Environment> > obj_)
   double StochasticSpecies___FF16__FF16_Env__height_max__get(plant::RcppR6::RcppR6<plant::StochasticSpecies<plant::FF16_Strategy,plant::FF16_Environment> > obj_)
   std::vector<double> StochasticSpecies___FF16__FF16_Env__heights__get(plant::RcppR6::RcppR6<plant::StochasticSpecies<plant::FF16_Strategy,plant::FF16_Environment> > obj_)
   void StochasticSpecies___FF16__FF16_Env__heights__set(plant::RcppR6::RcppR6<plant::StochasticSpecies<plant::FF16_Strategy,plant::FF16_Environment> > obj_, std::vector<double> value)
   std::vector<plant::Individual<plant::FF16_Strategy,plant::FF16_Environment> > StochasticSpecies___FF16__FF16_Env__individuals__get(plant::RcppR6::RcppR6<plant::StochasticSpecies<plant::FF16_Strategy,plant::FF16_Environment> > obj_)
   std::vector<bool> StochasticSpecies___FF16__FF16_Env__is_alive__get(plant::RcppR6::RcppR6<plant::StochasticSpecies<plant::FF16_Strategy,plant::FF16_Environment> > obj_)
   std::vector<double> StochasticSpecies___FF16__FF16_Env__net_reproduction_ratio_by_node__get(plant::RcppR6::RcppR6<plant::StochasticSpecies<plant::FF16_Strategy,plant::FF16_Environment> > obj_)
   size_t StochasticSpecies___FF16__FF16_Env__ode_size__get(plant::RcppR6::RcppR6<plant::StochasticSpecies<plant::FF16_Strategy,plant::FF16_Environment> > obj_)
   std::vector<double> StochasticSpecies___FF16__FF16_Env__ode_state__get(plant::RcppR6::RcppR6<plant::StochasticSpecies<plant::FF16_Strategy,plant::FF16_Environment> > obj_)
   void StochasticSpecies___FF16__FF16_Env__ode_state__set(plant::RcppR6::RcppR6<plant::StochasticSpecies<plant::FF16_Strategy,plant::FF16_Environment> > obj_, std::vector<double> value)
   std::vector<double> StochasticSpecies___FF16__FF16_Env__ode_rates__get(plant::RcppR6::RcppR6<plant::StochasticSpecies<plant::FF16_Strategy,plant::FF16_Environment> > obj_)
   plant::StochasticSpecies<plant::TF24_Strategy<double> ,plant::TF24_Environment<double> > StochasticSpecies___TF24__TF24_Env__ctor(plant::TF24_Strategy<double> strategy)
   void StochasticSpecies___TF24__TF24_Env__clear(plant::RcppR6::RcppR6<plant::StochasticSpecies<plant::TF24_Strategy<double> ,plant::TF24_Environment<double> > > obj_)
   void StochasticSpecies___TF24__TF24_Env__compute_rates(plant::RcppR6::RcppR6<plant::StochasticSpecies<plant::TF24_Strategy<double> ,plant::TF24_Environment<double> > > obj_, plant::TF24_Environment<double> environment)
   double StochasticSpecies___TF24__TF24_Env__compute_competition(plant::RcppR6::RcppR6<plant::StochasticSpecies<plant::TF24_Strategy<double> ,plant::TF24_Environment<double> > > obj_, double height)
   void StochasticSpecies___TF24__TF24_Env__introduce_new_node(plant::RcppR6::RcppR6<plant::StochasticSpecies<plant::TF24_Strategy<double> ,plant::TF24_Environment<double> > > obj_)
   plant::Individual<plant::TF24_Strategy<double> ,plant::TF24_Environment<double> > StochasticSpecies___TF24__TF24_Env__individual_at(plant::RcppR6::RcppR6<plant::StochasticSpecies<plant::TF24_Strategy<double> ,plant::TF24_Environment<double> > > obj_, plant::util::index index)
   size_t StochasticSpecies___TF24__TF24_Env__deaths(plant::RcppR6::RcppR6<plant::StochasticSpecies<plant::TF24_Strategy<double> ,plant::TF24_Environment<double> > > obj_)
   double StochasticSpecies___TF24__TF24_Env__establishment_probability(plant::RcppR6::RcppR6<plant::StochasticSpecies<plant::TF24_Strategy<double> ,plant::TF24_Environment<double> > > obj_, plant::TF24_Environment<double> environment)
   size_t StochasticSpecies___TF24__TF24_Env__size__get(plant::RcppR6::RcppR6<plant::StochasticSpecies<plant::TF24_Strategy<double> ,plant::TF24_Environment<double> > > obj_)
   size_t StochasticSpecies___TF24__TF24_Env__size_individuals__get(plant::RcppR6::RcppR6<plant::StochasticSpecies<plant::TF24_Strategy<double> ,plant::TF24_Environment<double> > > obj_)
   plant::Individual<plant::TF24_Strategy<double> ,plant::TF24_Environment<double> > StochasticSpecies___TF24__TF24_Env__new_node__get(plant::RcppR6::RcppR6<plant::StochasticSpecies<plant::TF24_Strategy<double> ,plant::TF24_Environment<double> > > obj_)
   double StochasticSpecies___TF24__TF24_Env__height_max__get(plant::RcppR6::RcppR6<plant::StochasticSpecies<plant::TF24_Strategy<double> ,plant::TF24_Environment<double> > > obj_)
   std::vector<double> StochasticSpecies___TF24__TF24_Env__heights__get(plant::RcppR6::RcppR6<plant::StochasticSpecies<plant::TF24_Strategy<double> ,plant::TF24_Environment<double> > > obj_)
   void StochasticSpecies___TF24__TF24_Env__heights__set(plant::RcppR6::RcppR6<plant::StochasticSpecies<plant::TF24_Strategy<double> ,plant::TF24_Environment<double> > > obj_, std::vector<double> value)
   std::vector<plant::Individual<plant::TF24_Strategy<double> ,plant::TF24_Environment<double> > > StochasticSpecies___TF24__TF24_Env__individuals__get(plant::RcppR6::RcppR6<plant::StochasticSpecies<plant::TF24_Strategy<double> ,plant::TF24_Environment<double> > > obj_)
   std::vector<bool> StochasticSpecies___TF24__TF24_Env__is_alive__get(plant::RcppR6::RcppR6<plant::StochasticSpecies<plant::TF24_Strategy<double> ,plant::TF24_Environment<double> > > obj_)
   std::vector<double> StochasticSpecies___TF24__TF24_Env__net_reproduction_ratio_by_node__get(plant::RcppR6::RcppR6<plant::StochasticSpecies<plant::TF24_Strategy<double> ,plant::TF24_Environment<double> > > obj_)
   size_t StochasticSpecies___TF24__TF24_Env__ode_size__get(plant::RcppR6::RcppR6<plant::StochasticSpecies<plant::TF24_Strategy<double> ,plant::TF24_Environment<double> > > obj_)
   std::vector<double> StochasticSpecies___TF24__TF24_Env__ode_state__get(plant::RcppR6::RcppR6<plant::StochasticSpecies<plant::TF24_Strategy<double> ,plant::TF24_Environment<double> > > obj_)
   void StochasticSpecies___TF24__TF24_Env__ode_state__set(plant::RcppR6::RcppR6<plant::StochasticSpecies<plant::TF24_Strategy<double> ,plant::TF24_Environment<double> > > obj_, std::vector<double> value)
   std::vector<double> StochasticSpecies___TF24__TF24_Env__ode_rates__get(plant::RcppR6::RcppR6<plant::StochasticSpecies<plant::TF24_Strategy<double> ,plant::TF24_Environment<double> > > obj_)
   plant::StochasticSpecies<plant::TF24f_Strategy<double> ,plant::TF24_Environment<double> > StochasticSpecies___TF24f__TF24_Env__ctor(plant::TF24f_Strategy<double> strategy)
   void StochasticSpecies___TF24f__TF24_Env__clear(plant::RcppR6::RcppR6<plant::StochasticSpecies<plant::TF24f_Strategy<double> ,plant::TF24_Environment<double> > > obj_)
   void StochasticSpecies___TF24f__TF24_Env__compute_rates(plant::RcppR6::RcppR6<plant::StochasticSpecies<plant::TF24f_Strategy<double> ,plant::TF24_Environment<double> > > obj_, plant::TF24_Environment<double> environment)
   double StochasticSpecies___TF24f__TF24_Env__compute_competition(plant::RcppR6::RcppR6<plant::StochasticSpecies<plant::TF24f_Strategy<double> ,plant::TF24_Environment<double> > > obj_, double height)
   void StochasticSpecies___TF24f__TF24_Env__introduce_new_node(plant::RcppR6::RcppR6<plant::StochasticSpecies<plant::TF24f_Strategy<double> ,plant::TF24_Environment<double> > > obj_)
   plant::Individual<plant::TF24f_Strategy<double> ,plant::TF24_Environment<double> > StochasticSpecies___TF24f__TF24_Env__individual_at(plant::RcppR6::RcppR6<plant::StochasticSpecies<plant::TF24f_Strategy<double> ,plant::TF24_Environment<double> > > obj_, plant::util::index index)
   size_t StochasticSpecies___TF24f__TF24_Env__deaths(plant::RcppR6::RcppR6<plant::StochasticSpecies<plant::TF24f_Strategy<double> ,plant::TF24_Environment<double> > > obj_)
   double StochasticSpecies___TF24f__TF24_Env__establishment_probability(plant::RcppR6::RcppR6<plant::StochasticSpecies<plant::TF24f_Strategy<double> ,plant::TF24_Environment<double> > > obj_, plant::TF24_Environment<double> environment)
   size_t StochasticSpecies___TF24f__TF24_Env__size__get(plant::RcppR6::RcppR6<plant::StochasticSpecies<plant::TF24f_Strategy<double> ,plant::TF24_Environment<double> > > obj_)
   size_t StochasticSpecies___TF24f__TF24_Env__size_individuals__get(plant::RcppR6::RcppR6<plant::StochasticSpecies<plant::TF24f_Strategy<double> ,plant::TF24_Environment<double> > > obj_)
   plant::Individual<plant::TF24f_Strategy<double> ,plant::TF24_Environment<double> > StochasticSpecies___TF24f__TF24_Env__new_node__get(plant::RcppR6::RcppR6<plant::StochasticSpecies<plant::TF24f_Strategy<double> ,plant::TF24_Environment<double> > > obj_)
   double StochasticSpecies___TF24f__TF24_Env__height_max__get(plant::RcppR6::RcppR6<plant::StochasticSpecies<plant::TF24f_Strategy<double> ,plant::TF24_Environment<double> > > obj_)
   std::vector<double> StochasticSpecies___TF24f__TF24_Env__heights__get(plant::RcppR6::RcppR6<plant::StochasticSpecies<plant::TF24f_Strategy<double> ,plant::TF24_Environment<double> > > obj_)
   void StochasticSpecies___TF24f__TF24_Env__heights__set(plant::RcppR6::RcppR6<plant::StochasticSpecies<plant::TF24f_Strategy<double> ,plant::TF24_Environment<double> > > obj_, std::vector<double> value)
   std::vector<plant::Individual<plant::TF24f_Strategy<double> ,plant::TF24_Environment<double> > > StochasticSpecies___TF24f__TF24_Env__individuals__get(plant::RcppR6::RcppR6<plant::StochasticSpecies<plant::TF24f_Strategy<double> ,plant::TF24_Environment<double> > > obj_)
   std::vector<bool> StochasticSpecies___TF24f__TF24_Env__is_alive__get(plant::RcppR6::RcppR6<plant::StochasticSpecies<plant::TF24f_Strategy<double> ,plant::TF24_Environment<double> > > obj_)
   std::vector<double> StochasticSpecies___TF24f__TF24_Env__net_reproduction_ratio_by_node__get(plant::RcppR6::RcppR6<plant::StochasticSpecies<plant::TF24f_Strategy<double> ,plant::TF24_Environment<double> > > obj_)
   size_t StochasticSpecies___TF24f__TF24_Env__ode_size__get(plant::RcppR6::RcppR6<plant::StochasticSpecies<plant::TF24f_Strategy<double> ,plant::TF24_Environment<double> > > obj_)
   std::vector<double> StochasticSpecies___TF24f__TF24_Env__ode_state__get(plant::RcppR6::RcppR6<plant::StochasticSpecies<plant::TF24f_Strategy<double> ,plant::TF24_Environment<double> > > obj_)
   void StochasticSpecies___TF24f__TF24_Env__ode_state__set(plant::RcppR6::RcppR6<plant::StochasticSpecies<plant::TF24f_Strategy<double> ,plant::TF24_Environment<double> > > obj_, std::vector<double> value)
   std::vector<double> StochasticSpecies___TF24f__TF24_Env__ode_rates__get(plant::RcppR6::RcppR6<plant::StochasticSpecies<plant::TF24f_Strategy<double> ,plant::TF24_Environment<double> > > obj_)
   plant::StochasticSpecies<plant::K93_Strategy,plant::K93_Environment> StochasticSpecies___K93__K93_Env__ctor(plant::K93_Strategy strategy)
   void StochasticSpecies___K93__K93_Env__clear(plant::RcppR6::RcppR6<plant::StochasticSpecies<plant::K93_Strategy,plant::K93_Environment> > obj_)
   void StochasticSpecies___K93__K93_Env__compute_rates(plant::RcppR6::RcppR6<plant::StochasticSpecies<plant::K93_Strategy,plant::K93_Environment> > obj_, plant::K93_Environment environment)
   double StochasticSpecies___K93__K93_Env__compute_competition(plant::RcppR6::RcppR6<plant::StochasticSpecies<plant::K93_Strategy,plant::K93_Environment> > obj_, double height)
   void StochasticSpecies___K93__K93_Env__introduce_new_node(plant::RcppR6::RcppR6<plant::StochasticSpecies<plant::K93_Strategy,plant::K93_Environment> > obj_)
   plant::Individual<plant::K93_Strategy,plant::K93_Environment> StochasticSpecies___K93__K93_Env__individual_at(plant::RcppR6::RcppR6<plant::StochasticSpecies<plant::K93_Strategy,plant::K93_Environment> > obj_, plant::util::index index)
   size_t StochasticSpecies___K93__K93_Env__deaths(plant::RcppR6::RcppR6<plant::StochasticSpecies<plant::K93_Strategy,plant::K93_Environment> > obj_)
   double StochasticSpecies___K93__K93_Env__establishment_probability(plant::RcppR6::RcppR6<plant::StochasticSpecies<plant::K93_Strategy,plant::K93_Environment> > obj_, plant::K93_Environment environment)
   size_t StochasticSpecies___K93__K93_Env__size__get(plant::RcppR6::RcppR6<plant::StochasticSpecies<plant::K93_Strategy,plant::K93_Environment> > obj_)
   size_t StochasticSpecies___K93__K93_Env__size_individuals__get(plant::RcppR6::RcppR6<plant::StochasticSpecies<plant::K93_Strategy,plant::K93_Environment> > obj_)
   plant::Individual<plant::K93_Strategy,plant::K93_Environment> StochasticSpecies___K93__K93_Env__new_node__get(plant::RcppR6::RcppR6<plant::StochasticSpecies<plant::K93_Strategy,plant::K93_Environment> > obj_)
   double StochasticSpecies___K93__K93_Env__height_max__get(plant::RcppR6::RcppR6<plant::StochasticSpecies<plant::K93_Strategy,plant::K93_Environment> > obj_)
   std::vector<double> StochasticSpecies___K93__K93_Env__heights__get(plant::RcppR6::RcppR6<plant::StochasticSpecies<plant::K93_Strategy,plant::K93_Environment> > obj_)
   void StochasticSpecies___K93__K93_Env__heights__set(plant::RcppR6::RcppR6<plant::StochasticSpecies<plant::K93_Strategy,plant::K93_Environment> > obj_, std::vector<double> value)
   std::vector<plant::Individual<plant::K93_Strategy,plant::K93_Environment> > StochasticSpecies___K93__K93_Env__individuals__get(plant::RcppR6::RcppR6<plant::StochasticSpecies<plant::K93_Strategy,plant::K93_Environment> > obj_)
   std::vector<bool> StochasticSpecies___K93__K93_Env__is_alive__get(plant::RcppR6::RcppR6<plant::StochasticSpecies<plant::K93_Strategy,plant::K93_Environment> > obj_)
   std::vector<double> StochasticSpecies___K93__K93_Env__net_reproduction_ratio_by_node__get(plant::RcppR6::RcppR6<plant::StochasticSpecies<plant::K93_Strategy,plant::K93_Environment> > obj_)
   size_t StochasticSpecies___K93__K93_Env__ode_size__get(plant::RcppR6::RcppR6<plant::StochasticSpecies<plant::K93_Strategy,plant::K93_Environment> > obj_)
   std::vector<double> StochasticSpecies___K93__K93_Env__ode_state__get(plant::RcppR6::RcppR6<plant::StochasticSpecies<plant::K93_Strategy,plant::K93_Environment> > obj_)
   void StochasticSpecies___K93__K93_Env__ode_state__set(plant::RcppR6::RcppR6<plant::StochasticSpecies<plant::K93_Strategy,plant::K93_Environment> > obj_, std::vector<double> value)
   std::vector<double> StochasticSpecies___K93__K93_Env__ode_rates__get(plant::RcppR6::RcppR6<plant::StochasticSpecies<plant::K93_Strategy,plant::K93_Environment> > obj_)
   plant::StochasticPatch<plant::FF16_Strategy,plant::FF16_Environment> StochasticPatch___FF16__FF16_Env__ctor(plant::Parameters<plant::FF16_Strategy,plant::FF16_Environment> parameters, plant::FF16_Environment environment, plant::Control control)
   double StochasticPatch___FF16__FF16_Env__compute_competition(plant::RcppR6::RcppR6<plant::StochasticPatch<plant::FF16_Strategy,plant::FF16_Environment> > obj_, double height)
   bool StochasticPatch___FF16__FF16_Env__introduce_new_node(plant::RcppR6::RcppR6<plant::StochasticPatch<plant::FF16_Strategy,plant::FF16_Environment> > obj_, plant::util::index species_index)
   void StochasticPatch___FF16__FF16_Env__introduce_new_node_and_update(plant::RcppR6::RcppR6<plant::StochasticPatch<plant::FF16_Strategy,plant::FF16_Environment> > obj_, plant::util::index species_index)
   void StochasticPatch___FF16__FF16_Env__compute_environment(plant::RcppR6::RcppR6<plant::StochasticPatch<plant::FF16_Strategy,plant::FF16_Environment> > obj_)
   void StochasticPatch___FF16__FF16_Env__compute_rates(plant::RcppR6::RcppR6<plant::StochasticPatch<plant::FF16_Strategy,plant::FF16_Environment> > obj_)
   void StochasticPatch___FF16__FF16_Env__reset(plant::RcppR6::RcppR6<plant::StochasticPatch<plant::FF16_Strategy,plant::FF16_Environment> > obj_)
   void StochasticPatch___FF16__FF16_Env__set_ode_state(plant::RcppR6::RcppR6<plant::StochasticPatch<plant::FF16_Strategy,plant::FF16_Environment> > obj_, std::vector<double> values, double time)
   std::vector<double> StochasticPatch___FF16__FF16_Env__derivs(plant::RcppR6::RcppR6<plant::StochasticPatch<plant::FF16_Strategy,plant::FF16_Environment> > obj_, const std::vector<double>& y, double time)
   void StochasticPatch___FF16__FF16_Env__set_state(plant::RcppR6::RcppR6<plant::StochasticPatch<plant::FF16_Strategy,plant::FF16_Environment> > obj_, double time, const std::vector<double>& state, const std::vector<size_t>& n)
   std::vector<size_t> StochasticPatch___FF16__FF16_Env__deaths(plant::RcppR6::RcppR6<plant::StochasticPatch<plant::FF16_Strategy,plant::FF16_Environment> > obj_)
   double StochasticPatch___FF16__FF16_Env__time__get(plant::RcppR6::RcppR6<plant::StochasticPatch<plant::FF16_Strategy,plant::FF16_Environment> > obj_)
   size_t StochasticPatch___FF16__FF16_Env__size__get(plant::RcppR6::RcppR6<plant::StochasticPatch<plant::FF16_Strategy,plant::FF16_Environment> > obj_)
   double StochasticPatch___FF16__FF16_Env__height_max__get(plant::RcppR6::RcppR6<plant::StochasticPatch<plant::FF16_Strategy,plant::FF16_Environment> > obj_)
   double StochasticPatch___FF16__FF16_Env__get_area__get(plant::RcppR6::RcppR6<plant::StochasticPatch<plant::FF16_Strategy,plant::FF16_Environment> > obj_)
   plant::Parameters<plant::FF16_Strategy,plant::FF16_Environment> StochasticPatch___FF16__FF16_Env__parameters__get(plant::RcppR6::RcppR6<plant::StochasticPatch<plant::FF16_Strategy,plant::FF16_Environment> > obj_)
   plant::FF16_Environment StochasticPatch___FF16__FF16_Env__environment__get(plant::RcppR6::RcppR6<plant::StochasticPatch<plant::FF16_Strategy,plant::FF16_Environment> > obj_)
   std::vector<plant::StochasticSpecies<plant::FF16_Strategy,plant::FF16_Environment> > StochasticPatch___FF16__FF16_Env__species__get(plant::RcppR6::RcppR6<plant::StochasticPatch<plant::FF16_Strategy,plant::FF16_Environment> > obj_)
   size_t StochasticPatch___FF16__FF16_Env__ode_size__get(plant::RcppR6::RcppR6<plant::StochasticPatch<plant::FF16_Strategy,plant::FF16_Environment> > obj_)
   double StochasticPatch___FF16__FF16_Env__ode_time__get(plant::RcppR6::RcppR6<plant::StochasticPatch<plant::FF16_Strategy,plant::FF16_Environment> > obj_)
   std::vector<double> StochasticPatch___FF16__FF16_Env__ode_state__get(plant::RcppR6::RcppR6<plant::StochasticPatch<plant::FF16_Strategy,plant::FF16_Environment> > obj_)
   std::vector<double> StochasticPatch___FF16__FF16_Env__ode_rates__get(plant::RcppR6::RcppR6<plant::StochasticPatch<plant::FF16_Strategy,plant::FF16_Environment> > obj_)
   Rcpp::List StochasticPatch___FF16__FF16_Env__state__get(plant::RcppR6::RcppR6<plant::StochasticPatch<plant::FF16_Strategy,plant::FF16_Environment> > obj_)
   plant::StochasticPatch<plant::TF24_Strategy<double> ,plant::TF24_Environment<double> > StochasticPatch___TF24__TF24_Env__ctor(plant::Parameters<plant::TF24_Strategy<double> ,plant::TF24_Environment<double> > parameters, plant::TF24_Environment<double> environment, plant::Control control)
   double StochasticPatch___TF24__TF24_Env__compute_competition(plant::RcppR6::RcppR6<plant::StochasticPatch<plant::TF24_Strategy<double> ,plant::TF24_Environment<double> > > obj_, double height)
   bool StochasticPatch___TF24__TF24_Env__introduce_new_node(plant::RcppR6::RcppR6<plant::StochasticPatch<plant::TF24_Strategy<double> ,plant::TF24_Environment<double> > > obj_, plant::util::index species_index)
   void StochasticPatch___TF24__TF24_Env__introduce_new_node_and_update(plant::RcppR6::RcppR6<plant::StochasticPatch<plant::TF24_Strategy<double> ,plant::TF24_Environment<double> > > obj_, plant::util::index species_index)
   void StochasticPatch___TF24__TF24_Env__compute_environment(plant::RcppR6::RcppR6<plant::StochasticPatch<plant::TF24_Strategy<double> ,plant::TF24_Environment<double> > > obj_)
   void StochasticPatch___TF24__TF24_Env__compute_rates(plant::RcppR6::RcppR6<plant::StochasticPatch<plant::TF24_Strategy<double> ,plant::TF24_Environment<double> > > obj_)
   void StochasticPatch___TF24__TF24_Env__reset(plant::RcppR6::RcppR6<plant::StochasticPatch<plant::TF24_Strategy<double> ,plant::TF24_Environment<double> > > obj_)
   void StochasticPatch___TF24__TF24_Env__set_ode_state(plant::RcppR6::RcppR6<plant::StochasticPatch<plant::TF24_Strategy<double> ,plant::TF24_Environment<double> > > obj_, std::vector<double> values, double time)
   std::vector<double> StochasticPatch___TF24__TF24_Env__derivs(plant::RcppR6::RcppR6<plant::StochasticPatch<plant::TF24_Strategy<double> ,plant::TF24_Environment<double> > > obj_, const std::vector<double>& y, double time)
   void StochasticPatch___TF24__TF24_Env__set_state(plant::RcppR6::RcppR6<plant::StochasticPatch<plant::TF24_Strategy<double> ,plant::TF24_Environment<double> > > obj_, double time, const std::vector<double>& state, const std::vector<size_t>& n)
   std::vector<size_t> StochasticPatch___TF24__TF24_Env__deaths(plant::RcppR6::RcppR6<plant::StochasticPatch<plant::TF24_Strategy<double> ,plant::TF24_Environment<double> > > obj_)
   double StochasticPatch___TF24__TF24_Env__time__get(plant::RcppR6::RcppR6<plant::StochasticPatch<plant::TF24_Strategy<double> ,plant::TF24_Environment<double> > > obj_)
   size_t StochasticPatch___TF24__TF24_Env__size__get(plant::RcppR6::RcppR6<plant::StochasticPatch<plant::TF24_Strategy<double> ,plant::TF24_Environment<double> > > obj_)
   double StochasticPatch___TF24__TF24_Env__height_max__get(plant::RcppR6::RcppR6<plant::StochasticPatch<plant::TF24_Strategy<double> ,plant::TF24_Environment<double> > > obj_)
   double StochasticPatch___TF24__TF24_Env__get_area__get(plant::RcppR6::RcppR6<plant::StochasticPatch<plant::TF24_Strategy<double> ,plant::TF24_Environment<double> > > obj_)
   plant::Parameters<plant::TF24_Strategy<double> ,plant::TF24_Environment<double> > StochasticPatch___TF24__TF24_Env__parameters__get(plant::RcppR6::RcppR6<plant::StochasticPatch<plant::TF24_Strategy<double> ,plant::TF24_Environment<double> > > obj_)
   plant::TF24_Environment<double> StochasticPatch___TF24__TF24_Env__environment__get(plant::RcppR6::RcppR6<plant::StochasticPatch<plant::TF24_Strategy<double> ,plant::TF24_Environment<double> > > obj_)
   std::vector<plant::StochasticSpecies<plant::TF24_Strategy<double> ,plant::TF24_Environment<double> > > StochasticPatch___TF24__TF24_Env__species__get(plant::RcppR6::RcppR6<plant::StochasticPatch<plant::TF24_Strategy<double> ,plant::TF24_Environment<double> > > obj_)
   size_t StochasticPatch___TF24__TF24_Env__ode_size__get(plant::RcppR6::RcppR6<plant::StochasticPatch<plant::TF24_Strategy<double> ,plant::TF24_Environment<double> > > obj_)
   double StochasticPatch___TF24__TF24_Env__ode_time__get(plant::RcppR6::RcppR6<plant::StochasticPatch<plant::TF24_Strategy<double> ,plant::TF24_Environment<double> > > obj_)
   std::vector<double> StochasticPatch___TF24__TF24_Env__ode_state__get(plant::RcppR6::RcppR6<plant::StochasticPatch<plant::TF24_Strategy<double> ,plant::TF24_Environment<double> > > obj_)
   std::vector<double> StochasticPatch___TF24__TF24_Env__ode_rates__get(plant::RcppR6::RcppR6<plant::StochasticPatch<plant::TF24_Strategy<double> ,plant::TF24_Environment<double> > > obj_)
   Rcpp::List StochasticPatch___TF24__TF24_Env__state__get(plant::RcppR6::RcppR6<plant::StochasticPatch<plant::TF24_Strategy<double> ,plant::TF24_Environment<double> > > obj_)
   plant::StochasticPatch<plant::TF24f_Strategy<double> ,plant::TF24_Environment<double> > StochasticPatch___TF24f__TF24_Env__ctor(plant::Parameters<plant::TF24f_Strategy<double> ,plant::TF24_Environment<double> > parameters, plant::TF24_Environment<double> environment, plant::Control control)
   double StochasticPatch___TF24f__TF24_Env__compute_competition(plant::RcppR6::RcppR6<plant::StochasticPatch<plant::TF24f_Strategy<double> ,plant::TF24_Environment<double> > > obj_, double height)
   bool StochasticPatch___TF24f__TF24_Env__introduce_new_node(plant::RcppR6::RcppR6<plant::StochasticPatch<plant::TF24f_Strategy<double> ,plant::TF24_Environment<double> > > obj_, plant::util::index species_index)
   void StochasticPatch___TF24f__TF24_Env__introduce_new_node_and_update(plant::RcppR6::RcppR6<plant::StochasticPatch<plant::TF24f_Strategy<double> ,plant::TF24_Environment<double> > > obj_, plant::util::index species_index)
   void StochasticPatch___TF24f__TF24_Env__compute_environment(plant::RcppR6::RcppR6<plant::StochasticPatch<plant::TF24f_Strategy<double> ,plant::TF24_Environment<double> > > obj_)
   void StochasticPatch___TF24f__TF24_Env__compute_rates(plant::RcppR6::RcppR6<plant::StochasticPatch<plant::TF24f_Strategy<double> ,plant::TF24_Environment<double> > > obj_)
   void StochasticPatch___TF24f__TF24_Env__reset(plant::RcppR6::RcppR6<plant::StochasticPatch<plant::TF24f_Strategy<double> ,plant::TF24_Environment<double> > > obj_)
   void StochasticPatch___TF24f__TF24_Env__set_ode_state(plant::RcppR6::RcppR6<plant::StochasticPatch<plant::TF24f_Strategy<double> ,plant::TF24_Environment<double> > > obj_, std::vector<double> values, double time)
   std::vector<double> StochasticPatch___TF24f__TF24_Env__derivs(plant::RcppR6::RcppR6<plant::StochasticPatch<plant::TF24f_Strategy<double> ,plant::TF24_Environment<double> > > obj_, const std::vector<double>& y, double time)
   void StochasticPatch___TF24f__TF24_Env__set_state(plant::RcppR6::RcppR6<plant::StochasticPatch<plant::TF24f_Strategy<double> ,plant::TF24_Environment<double> > > obj_, double time, const std::vector<double>& state, const std::vector<size_t>& n)
   std::vector<size_t> StochasticPatch___TF24f__TF24_Env__deaths(plant::RcppR6::RcppR6<plant::StochasticPatch<plant::TF24f_Strategy<double> ,plant::TF24_Environment<double> > > obj_)
   double StochasticPatch___TF24f__TF24_Env__time__get(plant::RcppR6::RcppR6<plant::StochasticPatch<plant::TF24f_Strategy<double> ,plant::TF24_Environment<double> > > obj_)
   size_t StochasticPatch___TF24f__TF24_Env__size__get(plant::RcppR6::RcppR6<plant::StochasticPatch<plant::TF24f_Strategy<double> ,plant::TF24_Environment<double> > > obj_)
   double StochasticPatch___TF24f__TF24_Env__height_max__get(plant::RcppR6::RcppR6<plant::StochasticPatch<plant::TF24f_Strategy<double> ,plant::TF24_Environment<double> > > obj_)
   double StochasticPatch___TF24f__TF24_Env__get_area__get(plant::RcppR6::RcppR6<plant::StochasticPatch<plant::TF24f_Strategy<double> ,plant::TF24_Environment<double> > > obj_)
   plant::Parameters<plant::TF24f_Strategy<double> ,plant::TF24_Environment<double> > StochasticPatch___TF24f__TF24_Env__parameters__get(plant::RcppR6::RcppR6<plant::StochasticPatch<plant::TF24f_Strategy<double> ,plant::TF24_Environment<double> > > obj_)
   plant::TF24_Environment<double> StochasticPatch___TF24f__TF24_Env__environment__get(plant::RcppR6::RcppR6<plant::StochasticPatch<plant::TF24f_Strategy<double> ,plant::TF24_Environment<double> > > obj_)
   std::vector<plant::StochasticSpecies<plant::TF24f_Strategy<double> ,plant::TF24_Environment<double> > > StochasticPatch___TF24f__TF24_Env__species__get(plant::RcppR6::RcppR6<plant::StochasticPatch<plant::TF24f_Strategy<double> ,plant::TF24_Environment<double> > > obj_)
   size_t StochasticPatch___TF24f__TF24_Env__ode_size__get(plant::RcppR6::RcppR6<plant::StochasticPatch<plant::TF24f_Strategy<double> ,plant::TF24_Environment<double> > > obj_)
   double StochasticPatch___TF24f__TF24_Env__ode_time__get(plant::RcppR6::RcppR6<plant::StochasticPatch<plant::TF24f_Strategy<double> ,plant::TF24_Environment<double> > > obj_)
   std::vector<double> StochasticPatch___TF24f__TF24_Env__ode_state__get(plant::RcppR6::RcppR6<plant::StochasticPatch<plant::TF24f_Strategy<double> ,plant::TF24_Environment<double> > > obj_)
   std::vector<double> StochasticPatch___TF24f__TF24_Env__ode_rates__get(plant::RcppR6::RcppR6<plant::StochasticPatch<plant::TF24f_Strategy<double> ,plant::TF24_Environment<double> > > obj_)
   Rcpp::List StochasticPatch___TF24f__TF24_Env__state__get(plant::RcppR6::RcppR6<plant::StochasticPatch<plant::TF24f_Strategy<double> ,plant::TF24_Environment<double> > > obj_)
   plant::StochasticPatch<plant::K93_Strategy,plant::K93_Environment> StochasticPatch___K93__K93_Env__ctor(plant::Parameters<plant::K93_Strategy,plant::K93_Environment> parameters, plant::K93_Environment environment, plant::Control control)
   double StochasticPatch___K93__K93_Env__compute_competition(plant::RcppR6::RcppR6<plant::StochasticPatch<plant::K93_Strategy,plant::K93_Environment> > obj_, double height)
   bool StochasticPatch___K93__K93_Env__introduce_new_node(plant::RcppR6::RcppR6<plant::StochasticPatch<plant::K93_Strategy,plant::K93_Environment> > obj_, plant::util::index species_index)
   void StochasticPatch___K93__K93_Env__introduce_new_node_and_update(plant::RcppR6::RcppR6<plant::StochasticPatch<plant::K93_Strategy,plant::K93_Environment> > obj_, plant::util::index species_index)
   void StochasticPatch___K93__K93_Env__compute_environment(plant::RcppR6::RcppR6<plant::StochasticPatch<plant::K93_Strategy,plant::K93_Environment> > obj_)
   void StochasticPatch___K93__K93_Env__compute_rates(plant::RcppR6::RcppR6<plant::StochasticPatch<plant::K93_Strategy,plant::K93_Environment> > obj_)
   void StochasticPatch___K93__K93_Env__reset(plant::RcppR6::RcppR6<plant::StochasticPatch<plant::K93_Strategy,plant::K93_Environment> > obj_)
   void StochasticPatch___K93__K93_Env__set_ode_state(plant::RcppR6::RcppR6<plant::StochasticPatch<plant::K93_Strategy,plant::K93_Environment> > obj_, std::vector<double> values, double time)
   std::vector<double> StochasticPatch___K93__K93_Env__derivs(plant::RcppR6::RcppR6<plant::StochasticPatch<plant::K93_Strategy,plant::K93_Environment> > obj_, const std::vector<double>& y, double time)
   void StochasticPatch___K93__K93_Env__set_state(plant::RcppR6::RcppR6<plant::StochasticPatch<plant::K93_Strategy,plant::K93_Environment> > obj_, double time, const std::vector<double>& state, const std::vector<size_t>& n)
   std::vector<size_t> StochasticPatch___K93__K93_Env__deaths(plant::RcppR6::RcppR6<plant::StochasticPatch<plant::K93_Strategy,plant::K93_Environment> > obj_)
   double StochasticPatch___K93__K93_Env__time__get(plant::RcppR6::RcppR6<plant::StochasticPatch<plant::K93_Strategy,plant::K93_Environment> > obj_)
   size_t StochasticPatch___K93__K93_Env__size__get(plant::RcppR6::RcppR6<plant::StochasticPatch<plant::K93_Strategy,plant::K93_Environment> > obj_)
   double StochasticPatch___K93__K93_Env__height_max__get(plant::RcppR6::RcppR6<plant::StochasticPatch<plant::K93_Strategy,plant::K93_Environment> > obj_)
   double StochasticPatch___K93__K93_Env__get_area__get(plant::RcppR6::RcppR6<plant::StochasticPatch<plant::K93_Strategy,plant::K93_Environment> > obj_)
   plant::Parameters<plant::K93_Strategy,plant::K93_Environment> StochasticPatch___K93__K93_Env__parameters__get(plant::RcppR6::RcppR6<plant::StochasticPatch<plant::K93_Strategy,plant::K93_Environment> > obj_)
   plant::K93_Environment StochasticPatch___K93__K93_Env__environment__get(plant::RcppR6::RcppR6<plant::StochasticPatch<plant::K93_Strategy,plant::K93_Environment> > obj_)
   std::vector<plant::StochasticSpecies<plant::K93_Strategy,plant::K93_Environment> > StochasticPatch___K93__K93_Env__species__get(plant::RcppR6::RcppR6<plant::StochasticPatch<plant::K93_Strategy,plant::K93_Environment> > obj_)
   size_t StochasticPatch___K93__K93_Env__ode_size__get(plant::RcppR6::RcppR6<plant::StochasticPatch<plant::K93_Strategy,plant::K93_Environment> > obj_)
   double StochasticPatch___K93__K93_Env__ode_time__get(plant::RcppR6::RcppR6<plant::StochasticPatch<plant::K93_Strategy,plant::K93_Environment> > obj_)
   std::vector<double> StochasticPatch___K93__K93_Env__ode_state__get(plant::RcppR6::RcppR6<plant::StochasticPatch<plant::K93_Strategy,plant::K93_Environment> > obj_)
   std::vector<double> StochasticPatch___K93__K93_Env__ode_rates__get(plant::RcppR6::RcppR6<plant::StochasticPatch<plant::K93_Strategy,plant::K93_Environment> > obj_)
   Rcpp::List StochasticPatch___K93__K93_Env__state__get(plant::RcppR6::RcppR6<plant::StochasticPatch<plant::K93_Strategy,plant::K93_Environment> > obj_)
   plant::StochasticPatchRunner<plant::FF16_Strategy,plant::FF16_Environment> StochasticPatchRunner___FF16__FF16_Env__ctor(plant::Parameters<plant::FF16_Strategy,plant::FF16_Environment> parameters, plant::FF16_Environment environment, plant::Control control)
   void StochasticPatchRunner___FF16__FF16_Env__run(plant::RcppR6::RcppR6<plant::StochasticPatchRunner<plant::FF16_Strategy,plant::FF16_Environment> > obj_)
   plant::util::index StochasticPatchRunner___FF16__FF16_Env__run_next(plant::RcppR6::RcppR6<plant::StochasticPatchRunner<plant::FF16_Strategy,plant::FF16_Environment> > obj_)
   void StochasticPatchRunner___FF16__FF16_Env__reset(plant::RcppR6::RcppR6<plant::StochasticPatchRunner<plant::FF16_Strategy,plant::FF16_Environment> > obj_)
   void StochasticPatchRunner___FF16__FF16_Env__set_node_schedule_times(plant::RcppR6::RcppR6<plant::StochasticPatchRunner<plant::FF16_Strategy,plant::FF16_Environment> > obj_, std::vector<std::vector<double> > times)
   bool StochasticPatchRunner___FF16__FF16_Env__complete__get(plant::RcppR6::RcppR6<plant::StochasticPatchRunner<plant::FF16_Strategy,plant::FF16_Environment> > obj_)
   double StochasticPatchRunner___FF16__FF16_Env__time__get(plant::RcppR6::RcppR6<plant::StochasticPatchRunner<plant::FF16_Strategy,plant::FF16_Environment> > obj_)
   plant::Parameters<plant::FF16_Strategy,plant::FF16_Environment> StochasticPatchRunner___FF16__FF16_Env__parameters__get(plant::RcppR6::RcppR6<plant::StochasticPatchRunner<plant::FF16_Strategy,plant::FF16_Environment> > obj_)
   plant::StochasticPatch<plant::FF16_Strategy,plant::FF16_Environment> StochasticPatchRunner___FF16__FF16_Env__patch__get(plant::RcppR6::RcppR6<plant::StochasticPatchRunner<plant::FF16_Strategy,plant::FF16_Environment> > obj_)
   plant::NodeSchedule StochasticPatchRunner___FF16__FF16_Env__node_schedule__get(plant::RcppR6::RcppR6<plant::StochasticPatchRunner<plant::FF16_Strategy,plant::FF16_Environment> > obj_)
   void StochasticPatchRunner___FF16__FF16_Env__node_schedule__set(plant::RcppR6::RcppR6<plant::StochasticPatchRunner<plant::FF16_Strategy,plant::FF16_Environment> > obj_, plant::NodeSchedule value)
   plant::StochasticPatchRunner<plant::TF24_Strategy<double> ,plant::TF24_Environment<double> > StochasticPatchRunner___TF24__TF24_Env__ctor(plant::Parameters<plant::TF24_Strategy<double> ,plant::TF24_Environment<double> > parameters, plant::TF24_Environment<double> environment, plant::Control control)
   void StochasticPatchRunner___TF24__TF24_Env__run(plant::RcppR6::RcppR6<plant::StochasticPatchRunner<plant::TF24_Strategy<double> ,plant::TF24_Environment<double> > > obj_)
   plant::util::index StochasticPatchRunner___TF24__TF24_Env__run_next(plant::RcppR6::RcppR6<plant::StochasticPatchRunner<plant::TF24_Strategy<double> ,plant::TF24_Environment<double> > > obj_)
   void StochasticPatchRunner___TF24__TF24_Env__reset(plant::RcppR6::RcppR6<plant::StochasticPatchRunner<plant::TF24_Strategy<double> ,plant::TF24_Environment<double> > > obj_)
   void StochasticPatchRunner___TF24__TF24_Env__set_node_schedule_times(plant::RcppR6::RcppR6<plant::StochasticPatchRunner<plant::TF24_Strategy<double> ,plant::TF24_Environment<double> > > obj_, std::vector<std::vector<double> > times)
   bool StochasticPatchRunner___TF24__TF24_Env__complete__get(plant::RcppR6::RcppR6<plant::StochasticPatchRunner<plant::TF24_Strategy<double> ,plant::TF24_Environment<double> > > obj_)
   double StochasticPatchRunner___TF24__TF24_Env__time__get(plant::RcppR6::RcppR6<plant::StochasticPatchRunner<plant::TF24_Strategy<double> ,plant::TF24_Environment<double> > > obj_)
   plant::Parameters<plant::TF24_Strategy<double> ,plant::TF24_Environment<double> > StochasticPatchRunner___TF24__TF24_Env__parameters__get(plant::RcppR6::RcppR6<plant::StochasticPatchRunner<plant::TF24_Strategy<double> ,plant::TF24_Environment<double> > > obj_)
   plant::StochasticPatch<plant::TF24_Strategy<double> ,plant::TF24_Environment<double> > StochasticPatchRunner___TF24__TF24_Env__patch__get(plant::RcppR6::RcppR6<plant::StochasticPatchRunner<plant::TF24_Strategy<double> ,plant::TF24_Environment<double> > > obj_)
   plant::NodeSchedule StochasticPatchRunner___TF24__TF24_Env__node_schedule__get(plant::RcppR6::RcppR6<plant::StochasticPatchRunner<plant::TF24_Strategy<double> ,plant::TF24_Environment<double> > > obj_)
   void StochasticPatchRunner___TF24__TF24_Env__node_schedule__set(plant::RcppR6::RcppR6<plant::StochasticPatchRunner<plant::TF24_Strategy<double> ,plant::TF24_Environment<double> > > obj_, plant::NodeSchedule value)
   plant::StochasticPatchRunner<plant::TF24f_Strategy<double> ,plant::TF24_Environment<double> > StochasticPatchRunner___TF24f__TF24_Env__ctor(plant::Parameters<plant::TF24f_Strategy<double> ,plant::TF24_Environment<double> > parameters, plant::TF24_Environment<double> environment, plant::Control control)
   void StochasticPatchRunner___TF24f__TF24_Env__run(plant::RcppR6::RcppR6<plant::StochasticPatchRunner<plant::TF24f_Strategy<double> ,plant::TF24_Environment<double> > > obj_)
   plant::util::index StochasticPatchRunner___TF24f__TF24_Env__run_next(plant::RcppR6::RcppR6<plant::StochasticPatchRunner<plant::TF24f_Strategy<double> ,plant::TF24_Environment<double> > > obj_)
   void StochasticPatchRunner___TF24f__TF24_Env__reset(plant::RcppR6::RcppR6<plant::StochasticPatchRunner<plant::TF24f_Strategy<double> ,plant::TF24_Environment<double> > > obj_)
   void StochasticPatchRunner___TF24f__TF24_Env__set_node_schedule_times(plant::RcppR6::RcppR6<plant::StochasticPatchRunner<plant::TF24f_Strategy<double> ,plant::TF24_Environment<double> > > obj_, std::vector<std::vector<double> > times)
   bool StochasticPatchRunner___TF24f__TF24_Env__complete__get(plant::RcppR6::RcppR6<plant::StochasticPatchRunner<plant::TF24f_Strategy<double> ,plant::TF24_Environment<double> > > obj_)
   double StochasticPatchRunner___TF24f__TF24_Env__time__get(plant::RcppR6::RcppR6<plant::StochasticPatchRunner<plant::TF24f_Strategy<double> ,plant::TF24_Environment<double> > > obj_)
   plant::Parameters<plant::TF24f_Strategy<double> ,plant::TF24_Environment<double> > StochasticPatchRunner___TF24f__TF24_Env__parameters__get(plant::RcppR6::RcppR6<plant::StochasticPatchRunner<plant::TF24f_Strategy<double> ,plant::TF24_Environment<double> > > obj_)
   plant::StochasticPatch<plant::TF24f_Strategy<double> ,plant::TF24_Environment<double> > StochasticPatchRunner___TF24f__TF24_Env__patch__get(plant::RcppR6::RcppR6<plant::StochasticPatchRunner<plant::TF24f_Strategy<double> ,plant::TF24_Environment<double> > > obj_)
   plant::NodeSchedule StochasticPatchRunner___TF24f__TF24_Env__node_schedule__get(plant::RcppR6::RcppR6<plant::StochasticPatchRunner<plant::TF24f_Strategy<double> ,plant::TF24_Environment<double> > > obj_)
   void StochasticPatchRunner___TF24f__TF24_Env__node_schedule__set(plant::RcppR6::RcppR6<plant::StochasticPatchRunner<plant::TF24f_Strategy<double> ,plant::TF24_Environment<double> > > obj_, plant::NodeSchedule value)
   plant::StochasticPatchRunner<plant::K93_Strategy,plant::K93_Environment> StochasticPatchRunner___K93__K93_Env__ctor(plant::Parameters<plant::K93_Strategy,plant::K93_Environment> parameters, plant::K93_Environment environment, plant::Control control)
   void StochasticPatchRunner___K93__K93_Env__run(plant::RcppR6::RcppR6<plant::StochasticPatchRunner<plant::K93_Strategy,plant::K93_Environment> > obj_)
   plant::util::index StochasticPatchRunner___K93__K93_Env__run_next(plant::RcppR6::RcppR6<plant::StochasticPatchRunner<plant::K93_Strategy,plant::K93_Environment> > obj_)
   void StochasticPatchRunner___K93__K93_Env__reset(plant::RcppR6::RcppR6<plant::StochasticPatchRunner<plant::K93_Strategy,plant::K93_Environment> > obj_)
   void StochasticPatchRunner___K93__K93_Env__set_node_schedule_times(plant::RcppR6::RcppR6<plant::StochasticPatchRunner<plant::K93_Strategy,plant::K93_Environment> > obj_, std::vector<std::vector<double> > times)
   bool StochasticPatchRunner___K93__K93_Env__complete__get(plant::RcppR6::RcppR6<plant::StochasticPatchRunner<plant::K93_Strategy,plant::K93_Environment> > obj_)
   double StochasticPatchRunner___K93__K93_Env__time__get(plant::RcppR6::RcppR6<plant::StochasticPatchRunner<plant::K93_Strategy,plant::K93_Environment> > obj_)
   plant::Parameters<plant::K93_Strategy,plant::K93_Environment> StochasticPatchRunner___K93__K93_Env__parameters__get(plant::RcppR6::RcppR6<plant::StochasticPatchRunner<plant::K93_Strategy,plant::K93_Environment> > obj_)
   plant::StochasticPatch<plant::K93_Strategy,plant::K93_Environment> StochasticPatchRunner___K93__K93_Env__patch__get(plant::RcppR6::RcppR6<plant::StochasticPatchRunner<plant::K93_Strategy,plant::K93_Environment> > obj_)
   plant::NodeSchedule StochasticPatchRunner___K93__K93_Env__node_schedule__get(plant::RcppR6::RcppR6<plant::StochasticPatchRunner<plant::K93_Strategy,plant::K93_Environment> > obj_)
   void StochasticPatchRunner___K93__K93_Env__node_schedule__set(plant::RcppR6::RcppR6<plant::StochasticPatchRunner<plant::K93_Strategy,plant::K93_Environment> > obj_, plant::NodeSchedule value)
   plant::ResourceSpline<double> ResourceSpline__ctor(double tol, double nbase, double max_depth, bool rescale_usually)
   double ResourceSpline__get_value_at_height(plant::RcppR6::RcppR6<plant::ResourceSpline<double> > obj_, double height)
   void ResourceSpline__init_interpolators(plant::RcppR6::RcppR6<plant::ResourceSpline<double> > obj_, std::vector<double> state)
   void ResourceSpline__clear(plant::RcppR6::RcppR6<plant::ResourceSpline<double> > obj_)
   Rcpp::NumericMatrix ResourceSpline__state__get(plant::RcppR6::RcppR6<plant::ResourceSpline<double> > obj_)
   odelia::interpolator::Interpolator Interpolator__ctor()
   void Interpolator__init(plant::RcppR6::RcppR6<odelia::interpolator::Interpolator> obj_, const std::vector<double>& x, const std::vector<double>& y)
   std::vector<double> Interpolator__eval(plant::RcppR6::RcppR6<odelia::interpolator::Interpolator> obj_, std::vector<double> x)
   void Interpolator__set_extrapolate(plant::RcppR6::RcppR6<odelia::interpolator::Interpolator> obj_, bool e)
   std::vector<double> Interpolator__x__get(plant::RcppR6::RcppR6<odelia::interpolator::Interpolator> obj_)
   std::vector<double> Interpolator__y__get(plant::RcppR6::RcppR6<odelia::interpolator::Interpolator> obj_)
   size_t Interpolator__size__get(plant::RcppR6::RcppR6<odelia::interpolator::Interpolator> obj_)
   double Interpolator__min__get(plant::RcppR6::RcppR6<odelia::interpolator::Interpolator> obj_)
   double Interpolator__max__get(plant::RcppR6::RcppR6<odelia::interpolator::Interpolator> obj_)
   plant::Disturbance_Regime Disturbance_Regime__ctor()
   double Disturbance_Regime__density(plant::RcppR6::RcppR6<plant::Disturbance_Regime> obj_, double time)
   double Disturbance_Regime__pr_survival(plant::RcppR6::RcppR6<plant::Disturbance_Regime> obj_, double time)
   plant::No_Disturbance No_Disturbance__ctor()
   double No_Disturbance__density(plant::RcppR6::RcppR6<plant::No_Disturbance> obj_, double time)
   double No_Disturbance__pr_survival(plant::RcppR6::RcppR6<plant::No_Disturbance> obj_, double time)
   plant::Weibull_Disturbance_Regime Weibull_Disturbance_Regime__ctor(double max_patch_lifetime)
   double Weibull_Disturbance_Regime__density(plant::RcppR6::RcppR6<plant::Weibull_Disturbance_Regime> obj_, double time)
   double Weibull_Disturbance_Regime__pr_survival(plant::RcppR6::RcppR6<plant::Weibull_Disturbance_Regime> obj_, double time)
   double Weibull_Disturbance_Regime__mean_interval(plant::RcppR6::RcppR6<plant::Weibull_Disturbance_Regime> obj_)
   double Weibull_Disturbance_Regime__cdf(plant::RcppR6::RcppR6<plant::Weibull_Disturbance_Regime> obj_, double time)
   double Weibull_Disturbance_Regime__icdf(plant::RcppR6::RcppR6<plant::Weibull_Disturbance_Regime> obj_, double prob)
   SEXP FF16_Pars__ctor()
   SEXP FF16_Strategy__ctor()
   plant::FF16_Environment FF16_Environment__ctor()
   double FF16_Environment__get_environment_at_height(plant::RcppR6::RcppR6<plant::FF16_Environment> obj_, double height)
   void FF16_Environment__clear(plant::RcppR6::RcppR6<plant::FF16_Environment> obj_)
   void FF16_Environment__set_fixed_environment(plant::RcppR6::RcppR6<plant::FF16_Environment> obj_, double value, double height_max)
   void FF16_Environment__set_shading_model(plant::RcppR6::RcppR6<plant::FF16_Environment> obj_, std::string model, double layer_optical_depth, double layer_smoothing)
   void FF16_Environment__compute_rates(plant::RcppR6::RcppR6<plant::FF16_Environment> obj_, std::vector<double> resource_depletion)
   double FF16_Environment__time__get(plant::RcppR6::RcppR6<plant::FF16_Environment> obj_)
   void FF16_Environment__time__set(plant::RcppR6::RcppR6<plant::FF16_Environment> obj_, double value)
   size_t FF16_Environment__ode_size__get(plant::RcppR6::RcppR6<plant::FF16_Environment> obj_)
   plant::ResourceSpline<double> FF16_Environment__light_availability__get(plant::RcppR6::RcppR6<plant::FF16_Environment> obj_)
   void FF16_Environment__light_availability__set(plant::RcppR6::RcppR6<plant::FF16_Environment> obj_, plant::ResourceSpline<double> value)
   SEXP K93_Pars__ctor()
   SEXP K93_Strategy__ctor()
   plant::K93_Environment K93_Environment__ctor()
   double K93_Environment__get_environment_at_height(plant::RcppR6::RcppR6<plant::K93_Environment> obj_, double height)
   void K93_Environment__clear(plant::RcppR6::RcppR6<plant::K93_Environment> obj_)
   void K93_Environment__set_fixed_environment(plant::RcppR6::RcppR6<plant::K93_Environment> obj_, double value, double height_max)
   double K93_Environment__time__get(plant::RcppR6::RcppR6<plant::K93_Environment> obj_)
   void K93_Environment__time__set(plant::RcppR6::RcppR6<plant::K93_Environment> obj_, double value)
   plant::ResourceSpline<double> K93_Environment__light_availability__get(plant::RcppR6::RcppR6<plant::K93_Environment> obj_)
   void K93_Environment__light_availability__set(plant::RcppR6::RcppR6<plant::K93_Environment> obj_, plant::ResourceSpline<double> value)
   size_t K93_Environment__ode_size__get(plant::RcppR6::RcppR6<plant::K93_Environment> obj_)
   plant::ExtrinsicDrivers ExtrinsicDrivers__ctor()
   double ExtrinsicDrivers__evaluate(plant::RcppR6::RcppR6<plant::ExtrinsicDrivers> obj_, std::string driver_name, double u)
   std::vector<double> ExtrinsicDrivers__evaluate_range(plant::RcppR6::RcppR6<plant::ExtrinsicDrivers> obj_, std::string driver_name, std::vector<double> u)
   std::vector<std::string> ExtrinsicDrivers__get_names(plant::RcppR6::RcppR6<plant::ExtrinsicDrivers> obj_)
   void ExtrinsicDrivers__set_constant(plant::RcppR6::RcppR6<plant::ExtrinsicDrivers> obj_, std::string driver_name, double k)
   void ExtrinsicDrivers__set_variable(plant::RcppR6::RcppR6<plant::ExtrinsicDrivers> obj_, std::string driver_name, std::vector<double> x, std::vector<double> y)
   void ExtrinsicDrivers__set_extrapolate(plant::RcppR6::RcppR6<plant::ExtrinsicDrivers> obj_, std::string driver_name, bool extrapolate)
   SEXP TF24_Pars__ctor()
   SEXP TF24_Strategy__ctor()
   plant::TF24_Environment<double> TF24_Environment__ctor()
   double TF24_Environment__get_environment_at_height(plant::RcppR6::RcppR6<plant::TF24_Environment<double> > obj_, double height)
   void TF24_Environment__clear(plant::RcppR6::RcppR6<plant::TF24_Environment<double> > obj_)
   void TF24_Environment__set_fixed_environment(plant::RcppR6::RcppR6<plant::TF24_Environment<double> > obj_, double value, double height_max)
   std::vector<std::string> TF24_Environment__extrinsic_drivers_get_names(plant::RcppR6::RcppR6<plant::TF24_Environment<double> > obj_)
   void TF24_Environment__extrinsic_drivers_set_constant(plant::RcppR6::RcppR6<plant::TF24_Environment<double> > obj_, std::string driver_name, double value)
   void TF24_Environment__extrinsic_drivers_set_variable(plant::RcppR6::RcppR6<plant::TF24_Environment<double> > obj_, std::string driver_name, std::vector<double> x, std::vector<double> y)
   double TF24_Environment__extrinsic_drivers_evaluate(plant::RcppR6::RcppR6<plant::TF24_Environment<double> > obj_, std::string driver_name, double x)
   std::vector<double> TF24_Environment__extrinsic_drivers_evaluate_range(plant::RcppR6::RcppR6<plant::TF24_Environment<double> > obj_, std::string driver_name, std::vector<double> x)
   double TF24_Environment__psi_from_soil_moist(plant::RcppR6::RcppR6<plant::TF24_Environment<double> > obj_, double theta_)
   double TF24_Environment__soil_moist_from_psi(plant::RcppR6::RcppR6<plant::TF24_Environment<double> > obj_, double psi_soil_)
   void TF24_Environment__set_soil_number_of_depths(plant::RcppR6::RcppR6<plant::TF24_Environment<double> > obj_, int soil_number_of_depths)
   void TF24_Environment__set_soil_parameters(plant::RcppR6::RcppR6<plant::TF24_Environment<double> > obj_, int soil_number_of_depths, SEXP soil_moist_sat_values, SEXP K_sat_values, SEXP a_psi_values, SEXP n_psi_values)
   int TF24_Environment__get_soil_number_of_depths(plant::RcppR6::RcppR6<plant::TF24_Environment<double> > obj_)
   void TF24_Environment__set_soil_water_state(plant::RcppR6::RcppR6<plant::TF24_Environment<double> > obj_, std::vector<double> state)
   std::vector<double> TF24_Environment__get_soil_water_state(plant::RcppR6::RcppR6<plant::TF24_Environment<double> > obj_)
   std::vector<double> TF24_Environment__get_soil_water_state_cumulative_flux(plant::RcppR6::RcppR6<plant::TF24_Environment<double> > obj_)
   double TF24_Environment__get_PPFD(plant::RcppR6::RcppR6<plant::TF24_Environment<double> > obj_)
   double TF24_Environment__get_atm_vpd(plant::RcppR6::RcppR6<plant::TF24_Environment<double> > obj_)
   double TF24_Environment__get_ca(plant::RcppR6::RcppR6<plant::TF24_Environment<double> > obj_)
   double TF24_Environment__get_leaf_temp(plant::RcppR6::RcppR6<plant::TF24_Environment<double> > obj_)
   double TF24_Environment__get_atm_o2_kpa(plant::RcppR6::RcppR6<plant::TF24_Environment<double> > obj_)
   double TF24_Environment__get_atm_kpa(plant::RcppR6::RcppR6<plant::TF24_Environment<double> > obj_)
   void TF24_Environment__compute_rates(plant::RcppR6::RcppR6<plant::TF24_Environment<double> > obj_, std::vector<double> resource_depletion)
   double TF24_Environment__time__get(plant::RcppR6::RcppR6<plant::TF24_Environment<double> > obj_)
   void TF24_Environment__time__set(plant::RcppR6::RcppR6<plant::TF24_Environment<double> > obj_, double value)
   double TF24_Environment__soil_moist_sat__get(plant::RcppR6::RcppR6<plant::TF24_Environment<double> > obj_)
   void TF24_Environment__soil_moist_sat__set(plant::RcppR6::RcppR6<plant::TF24_Environment<double> > obj_, double value)
   double TF24_Environment__K_sat__get(plant::RcppR6::RcppR6<plant::TF24_Environment<double> > obj_)
   void TF24_Environment__K_sat__set(plant::RcppR6::RcppR6<plant::TF24_Environment<double> > obj_, double value)
   double TF24_Environment__depth__get(plant::RcppR6::RcppR6<plant::TF24_Environment<double> > obj_)
   void TF24_Environment__depth__set(plant::RcppR6::RcppR6<plant::TF24_Environment<double> > obj_, double value)
   double TF24_Environment__a_psi__get(plant::RcppR6::RcppR6<plant::TF24_Environment<double> > obj_)
   void TF24_Environment__a_psi__set(plant::RcppR6::RcppR6<plant::TF24_Environment<double> > obj_, double value)
   double TF24_Environment__n_psi__get(plant::RcppR6::RcppR6<plant::TF24_Environment<double> > obj_)
   void TF24_Environment__n_psi__set(plant::RcppR6::RcppR6<plant::TF24_Environment<double> > obj_, double value)
   double TF24_Environment__a_infil__get(plant::RcppR6::RcppR6<plant::TF24_Environment<double> > obj_)
   void TF24_Environment__a_infil__set(plant::RcppR6::RcppR6<plant::TF24_Environment<double> > obj_, double value)
   double TF24_Environment__b_infil__get(plant::RcppR6::RcppR6<plant::TF24_Environment<double> > obj_)
   void TF24_Environment__b_infil__set(plant::RcppR6::RcppR6<plant::TF24_Environment<double> > obj_, double value)
   size_t TF24_Environment__ode_size__get(plant::RcppR6::RcppR6<plant::TF24_Environment<double> > obj_)
   plant::ResourceSpline<double> TF24_Environment__light_availability__get(plant::RcppR6::RcppR6<plant::TF24_Environment<double> > obj_)
   void TF24_Environment__light_availability__set(plant::RcppR6::RcppR6<plant::TF24_Environment<double> > obj_, plant::ResourceSpline<double> value)
   plant::Internals<double> TF24_Environment__soil__get(plant::RcppR6::RcppR6<plant::TF24_Environment<double> > obj_)
   SEXP TF24f_Strategy__ctor()

Exports from /home/user/wt-stepadj/src/adaptive_interpolator.cpp:
   Rcpp::NumericVector test_adaptive_interpolator(Rcpp::Function f, double a, double b, double atol = 1e-6, double rtol = 1e-6, int nbase = 17, int max_depth = 16)

Exports from /home/user/wt-stepadj/src/ff16_node.cpp:
   plant::NodeSchedule node_schedule_default__Parameters___FF16__FF16_Env(const plant::Parameters<plant::FF16_Strategy,plant::FF16_Environment>& p)
   plant::NodeSchedule make_node_schedule__Parameters___FF16__FF16_Env(const plant::Parameters<plant::FF16_Strategy,plant::FF16_Environment>& p)

Exports from /home/user/wt-stepadj/src/gradient.cpp:
   double test_gradient_fd1(Rcpp::Function f, double x, double dx, int direction, double fx = NA_REAL)
   double test_gradient_richardson(Rcpp::Function f, double x, double d, size_t r)

Exports from /home/user/wt-stepadj/src/individual_runner.cpp:
   plant::Internals<double> FF16_oderunner_individual_internals(const odelia::ode::Solver<plant::tools::IndividualRunner<plant::FF16_Strategy,plant::FF16_Environment>>& obj)
   plant::Internals<double> K93_oderunner_individual_internals(const odelia::ode::Solver<plant::tools::IndividualRunner<plant::K93_Strategy, plant::K93_Environment>>& obj)
   plant::Internals<double> TF24_oderunner_individual_internals(const odelia::ode::Solver<plant::tools::IndividualRunner<plant::TF24_Strategy<double>, plant::TF24_Environment<double>>>& obj)
   plant::Internals<double> TF24f_oderunner_individual_internals(const odelia::ode::Solver<plant::tools::IndividualRunner<plant::TF24f_Strategy<double>, plant::TF24_Environment<double>>>& obj)

Exports from /home/user/wt-stepadj/src/k93_node.cpp:
   plant::NodeSchedule node_schedule_default__Parameters___K93__K93_Env(const plant::Parameters<plant::K93_Strategy,plant::K93_Environment>& p)
   plant::NodeSchedule make_node_schedule__Parameters___K93__K93_Env(const plant::Parameters<plant::K93_Strategy,plant::K93_Environment>& p)

Exports from /home/user/wt-stepadj/src/scm_utils.cpp:
   std::vector<double> node_schedule_times_default(double max_time)

Exports from /home/user/wt-stepadj/src/strategy_expand.cpp:
   Rcpp::List FF16_strategy_expand_allometry(plant::FF16_Strategy s, Rcpp::NumericVector height, Rcpp::NumericVector area_heartwood, Rcpp::NumericVector mass_heartwood)
   Rcpp::List TF24_strategy_expand_allometry(plant::TF24_Strategy<double> s, Rcpp::NumericVector height, Rcpp::NumericVector area_heartwood, Rcpp::NumericVector mass_heartwood)
   Rcpp::List TF24f_strategy_expand_allometry(plant::TF24f_Strategy<double> s, Rcpp::NumericVector height, Rcpp::NumericVector area_heartwood, Rcpp::NumericVector mass_heartwood)

Exports from /home/user/wt-stepadj/src/strategy_version.cpp:
   std::string strategy_scientific_version(std::string type)

Exports from /home/user/wt-stepadj/src/tf24_node.cpp:
   plant::NodeSchedule node_schedule_default__Parameters___TF24__TF24_Env(const plant::Parameters<plant::TF24_Strategy<double>,plant::TF24_Environment<double>>& p)
   plant::NodeSchedule make_node_schedule__Parameters___TF24__TF24_Env(const plant::Parameters<plant::TF24_Strategy<double>,plant::TF24_Environment<double>>& p)

Exports from /home/user/wt-stepadj/src/tf24f_node.cpp:
   plant::NodeSchedule node_schedule_default__Parameters___TF24f__TF24_Env(const plant::Parameters<plant::TF24f_Strategy<double>,plant::TF24_Environment<double>>& p)
   plant::NodeSchedule make_node_schedule__Parameters___TF24f__TF24_Env(const plant::Parameters<plant::TF24f_Strategy<double>,plant::TF24_Environment<double>>& p)

Exports from /home/user/wt-stepadj/src/uniroot.cpp:
   double test_uniroot(Rcpp::Function f, double min, double max)

Exports from /home/user/wt-stepadj/src/util.cpp:
   double trapezium(const std::vector<double>& x, const std::vector<double>& y)
   std::vector<double> trapezium_vector(const std::vector<double>& x, const std::vector<double>& y)
   std::vector<double> local_error_integration(const std::vector<double>& x, const std::vector<double>& y, double scal)

Exports from /home/user/wt-stepadj/src/util_post_rcpp.cpp:
   Rcpp::List matrix_to_list(Rcpp::NumericMatrix x)

/home/user/wt-stepadj/src/RcppExports.cpp updated.
/home/user/wt-stepadj/R/RcppExports.R updated.
i Re-compiling plant
-- R CMD INSTALL ---------------------------------------------------------------
* installing *source* package 'plant' ...
** this is package 'plant' version '2.0.0.9002'
** using staged installation
** libs
specified C++20
using C++ compiler: 'x86_64-linux-gnu-g++ (Ubuntu 13.3.0-6ubuntu2~24.04.1) 13.3.0'
using C++20
x86_64-linux-gnu-g++ -std=gnu++20 -I"/usr/share/R/include" -DNDEBUG -isystem../inst/include/ -I'/usr/local/lib/R/site-library/Rcpp/include' -I'/usr/local/lib/R/site-library/BH/include' -I'/home/user/lib-stepadj/odelia/include'     -fpic  -O2 -DNDEBUG -g0 -Wall -pedantic  -c RcppExports.cpp -o RcppExports.o
In file included from /usr/local/lib/R/site-library/Rcpp/include/Rcpp.h:47,
                 from /home/user/lib-stepadj/odelia/include/odelia/solver_interface.hpp:13,
                 from ../inst/include/plant.h:16,
                 from RcppExports.cpp:4:
/usr/local/lib/R/site-library/Rcpp/include/Rcpp/XPtr.h: In instantiation of 'void Rcpp::standard_delete_finalizer(T*) [with T = plant::ResourceSpline<double>]':
../inst/include/plant/RcppR6_support.hpp:102:17:   required from 'class plant::RcppR6::RcppR6<plant::ResourceSpline<double> >'
../inst/include/plant/RcppR6_post.hpp:958:70:   required from here
/usr/local/lib/R/site-library/Rcpp/include/Rcpp/XPtr.h:31:5: warning: deleting object of polymorphic class type 'plant::ResourceSpline<double>' which has non-virtual destructor might cause undefined behavior [-Wdelete-non-virtual-dtor]
   31 |     delete obj;
      |     ^~~~~~~~~~
x86_64-linux-gnu-g++ -std=gnu++20 -I"/usr/share/R/include" -DNDEBUG -isystem../inst/include/ -I'/usr/local/lib/R/site-library/Rcpp/include' -I'/usr/local/lib/R/site-library/BH/include' -I'/home/user/lib-stepadj/odelia/include'     -fpic  -O2 -DNDEBUG -g0 -Wall -pedantic  -c RcppR6.cpp -o RcppR6.o
x86_64-linux-gnu-g++ -std=gnu++20 -I"/usr/share/R/include" -DNDEBUG -isystem../inst/include/ -I'/usr/local/lib/R/site-library/Rcpp/include' -I'/usr/local/lib/R/site-library/BH/include' -I'/home/user/lib-stepadj/odelia/include'     -fpic  -O2 -DNDEBUG -g0 -Wall -pedantic  -c adaptive_interpolator.cpp -o adaptive_interpolator.o
x86_64-linux-gnu-g++ -std=gnu++20 -I"/usr/share/R/include" -DNDEBUG -isystem../inst/include/ -I'/usr/local/lib/R/site-library/Rcpp/include' -I'/usr/local/lib/R/site-library/BH/include' -I'/home/user/lib-stepadj/odelia/include'     -fpic  -O2 -DNDEBUG -g0 -Wall -pedantic  -c control.cpp -o control.o
x86_64-linux-gnu-g++ -std=gnu++20 -I"/usr/share/R/include" -DNDEBUG -isystem../inst/include/ -I'/usr/local/lib/R/site-library/Rcpp/include' -I'/usr/local/lib/R/site-library/BH/include' -I'/home/user/lib-stepadj/odelia/include'     -fpic  -O2 -DNDEBUG -g0 -Wall -pedantic  -c ff16_node.cpp -o ff16_node.o
x86_64-linux-gnu-g++ -std=gnu++20 -I"/usr/share/R/include" -DNDEBUG -isystem../inst/include/ -I'/usr/local/lib/R/site-library/Rcpp/include' -I'/usr/local/lib/R/site-library/BH/include' -I'/home/user/lib-stepadj/odelia/include'     -fpic  -O2 -DNDEBUG -g0 -Wall -pedantic  -c ff16_strategy.cpp -o ff16_strategy.o
x86_64-linux-gnu-g++ -std=gnu++20 -I"/usr/share/R/include" -DNDEBUG -isystem../inst/include/ -I'/usr/local/lib/R/site-library/Rcpp/include' -I'/usr/local/lib/R/site-library/BH/include' -I'/home/user/lib-stepadj/odelia/include'     -fpic  -O2 -DNDEBUG -g0 -Wall -pedantic  -c gradient.cpp -o gradient.o
x86_64-linux-gnu-g++ -std=gnu++20 -I"/usr/share/R/include" -DNDEBUG -isystem../inst/include/ -I'/usr/local/lib/R/site-library/Rcpp/include' -I'/usr/local/lib/R/site-library/BH/include' -I'/home/user/lib-stepadj/odelia/include'     -fpic  -O2 -DNDEBUG -g0 -Wall -pedantic  -c individual_runner.cpp -o individual_runner.o
x86_64-linux-gnu-g++ -std=gnu++20 -I"/usr/share/R/include" -DNDEBUG -isystem../inst/include/ -I'/usr/local/lib/R/site-library/Rcpp/include' -I'/usr/local/lib/R/site-library/BH/include' -I'/home/user/lib-stepadj/odelia/include'     -fpic  -O2 -DNDEBUG -g0 -Wall -pedantic  -c k93_node.cpp -o k93_node.o
x86_64-linux-gnu-g++ -std=gnu++20 -I"/usr/share/R/include" -DNDEBUG -isystem../inst/include/ -I'/usr/local/lib/R/site-library/Rcpp/include' -I'/usr/local/lib/R/site-library/BH/include' -I'/home/user/lib-stepadj/odelia/include'     -fpic  -O2 -DNDEBUG -g0 -Wall -pedantic  -c k93_strategy.cpp -o k93_strategy.o
x86_64-linux-gnu-g++ -std=gnu++20 -I"/usr/share/R/include" -DNDEBUG -isystem../inst/include/ -I'/usr/local/lib/R/site-library/Rcpp/include' -I'/usr/local/lib/R/site-library/BH/include' -I'/home/user/lib-stepadj/odelia/include'     -fpic  -O2 -DNDEBUG -g0 -Wall -pedantic  -c leaf_model.cpp -o leaf_model.o
leaf_model.cpp: In member function 'void plant::Leaf::set_physiology(double, const std::vector<double>&, double, double, double, const std::vector<double>&, const std::vector<double>&, double, double, double, double, double, double, double)':
leaf_model.cpp:284:24: warning: comparison of integer expressions of different signedness: 'size_t' {aka 'long unsigned int'} and 'int' [-Wsign-compare]
  284 |   for (size_t i = 0; i < max_soil_layer; ++i) {
      |                      ~~^~~~~~~~~~~~~~~~
leaf_model.cpp: In member function 'void plant::Leaf::E_from_Soil_to_Root_Collar(double, const std::vector<double>&)':
leaf_model.cpp:449:25: warning: comparison of integer expressions of different signedness: 'size_t' {aka 'long unsigned int'} and 'int' [-Wsign-compare]
  449 |     for(size_t i = 0; i < max_soil_layer; i++){
      |                       ~~^~~~~~~~~~~~~~~~
leaf_model.cpp: In member function 'double plant::Leaf::refresh_soil_potentials()':
leaf_model.cpp:711:24: warning: comparison of integer expressions of different signedness: 'size_t' {aka 'long unsigned int'} and 'int' [-Wsign-compare]
  711 |   for (size_t i = 0; i < max_soil_layer; ++i) {
      |                      ~~^~~~~~~~~~~~~~~~
x86_64-linux-gnu-g++ -std=gnu++20 -I"/usr/share/R/include" -DNDEBUG -isystem../inst/include/ -I'/usr/local/lib/R/site-library/Rcpp/include' -I'/usr/local/lib/R/site-library/BH/include' -I'/home/user/lib-stepadj/odelia/include'     -fpic  -O2 -DNDEBUG -g0 -Wall -pedantic  -c node_schedule.cpp -o node_schedule.o
x86_64-linux-gnu-g++ -std=gnu++20 -I"/usr/share/R/include" -DNDEBUG -isystem../inst/include/ -I'/usr/local/lib/R/site-library/Rcpp/include' -I'/usr/local/lib/R/site-library/BH/include' -I'/home/user/lib-stepadj/odelia/include'     -fpic  -O2 -DNDEBUG -g0 -Wall -pedantic  -c qag.cpp -o qag.o
x86_64-linux-gnu-g++ -std=gnu++20 -I"/usr/share/R/include" -DNDEBUG -isystem../inst/include/ -I'/usr/local/lib/R/site-library/Rcpp/include' -I'/usr/local/lib/R/site-library/BH/include' -I'/home/user/lib-stepadj/odelia/include'     -fpic  -O2 -DNDEBUG -g0 -Wall -pedantic  -c qag_internals.cpp -o qag_internals.o
qag_internals.cpp: In function 'void plant::quadrature::internal::print_intervals(plant::quadrature::intervals_type)':
qag_internals.cpp:113:24: warning: comparison of integer expressions of different signedness: 'size_t' {aka 'long unsigned int'} and 'const int' [-Wsign-compare]
  113 |   for (size_t i = 0; i < n; ++i) {
      |                      ~~^~~
x86_64-linux-gnu-g++ -std=gnu++20 -I"/usr/share/R/include" -DNDEBUG -isystem../inst/include/ -I'/usr/local/lib/R/site-library/Rcpp/include' -I'/usr/local/lib/R/site-library/BH/include' -I'/home/user/lib-stepadj/odelia/include'     -fpic  -O2 -DNDEBUG -g0 -Wall -pedantic  -c qk.cpp -o qk.o
x86_64-linux-gnu-g++ -std=gnu++20 -I"/usr/share/R/include" -DNDEBUG -isystem../inst/include/ -I'/usr/local/lib/R/site-library/Rcpp/include' -I'/usr/local/lib/R/site-library/BH/include' -I'/home/user/lib-stepadj/odelia/include'     -fpic  -O2 -DNDEBUG -g0 -Wall -pedantic  -c qk_rules.cpp -o qk_rules.o
x86_64-linux-gnu-g++ -std=gnu++20 -I"/usr/share/R/include" -DNDEBUG -isystem../inst/include/ -I'/usr/local/lib/R/site-library/Rcpp/include' -I'/usr/local/lib/R/site-library/BH/include' -I'/home/user/lib-stepadj/odelia/include'     -fpic  -O2 -DNDEBUG -g0 -Wall -pedantic  -c scm_utils.cpp -o scm_utils.o
x86_64-linux-gnu-g++ -std=gnu++20 -I"/usr/share/R/include" -DNDEBUG -isystem../inst/include/ -I'/usr/local/lib/R/site-library/Rcpp/include' -I'/usr/local/lib/R/site-library/BH/include' -I'/home/user/lib-stepadj/odelia/include'     -fpic  -O2 -DNDEBUG -g0 -Wall -pedantic  -c strategy_expand.cpp -o strategy_expand.o
x86_64-linux-gnu-g++ -std=gnu++20 -I"/usr/share/R/include" -DNDEBUG -isystem../inst/include/ -I'/usr/local/lib/R/site-library/Rcpp/include' -I'/usr/local/lib/R/site-library/BH/include' -I'/home/user/lib-stepadj/odelia/include'     -fpic  -O2 -DNDEBUG -g0 -Wall -pedantic  -c strategy_version.cpp -o strategy_version.o
x86_64-linux-gnu-g++ -std=gnu++20 -I"/usr/share/R/include" -DNDEBUG -isystem../inst/include/ -I'/usr/local/lib/R/site-library/Rcpp/include' -I'/usr/local/lib/R/site-library/BH/include' -I'/home/user/lib-stepadj/odelia/include'     -fpic  -O2 -DNDEBUG -g0 -Wall -pedantic  -c tf24_node.cpp -o tf24_node.o
x86_64-linux-gnu-g++ -std=gnu++20 -I"/usr/share/R/include" -DNDEBUG -isystem../inst/include/ -I'/usr/local/lib/R/site-library/Rcpp/include' -I'/usr/local/lib/R/site-library/BH/include' -I'/home/user/lib-stepadj/odelia/include'     -fpic  -O2 -DNDEBUG -g0 -Wall -pedantic  -c tf24f_node.cpp -o tf24f_node.o
x86_64-linux-gnu-g++ -std=gnu++20 -I"/usr/share/R/include" -DNDEBUG -isystem../inst/include/ -I'/usr/local/lib/R/site-library/Rcpp/include' -I'/usr/local/lib/R/site-library/BH/include' -I'/home/user/lib-stepadj/odelia/include'     -fpic  -O2 -DNDEBUG -g0 -Wall -pedantic  -c uniroot.cpp -o uniroot.o
x86_64-linux-gnu-g++ -std=gnu++20 -I"/usr/share/R/include" -DNDEBUG -isystem../inst/include/ -I'/usr/local/lib/R/site-library/Rcpp/include' -I'/usr/local/lib/R/site-library/BH/include' -I'/home/user/lib-stepadj/odelia/include'     -fpic  -O2 -DNDEBUG -g0 -Wall -pedantic  -c util.cpp -o util.o
x86_64-linux-gnu-g++ -std=gnu++20 -I"/usr/share/R/include" -DNDEBUG -isystem../inst/include/ -I'/usr/local/lib/R/site-library/Rcpp/include' -I'/usr/local/lib/R/site-library/BH/include' -I'/home/user/lib-stepadj/odelia/include'     -fpic  -O2 -DNDEBUG -g0 -Wall -pedantic  -c util_post_rcpp.cpp -o util_post_rcpp.o
x86_64-linux-gnu-g++ -std=gnu++20 -shared -L/usr/lib/R/lib -Wl,-Bsymbolic-functions -flto=auto -ffat-lto-objects -Wl,-z,relro -o plant.so RcppExports.o RcppR6.o adaptive_interpolator.o control.o ff16_node.o ff16_strategy.o gradient.o individual_runner.o k93_node.o k93_strategy.o leaf_model.o node_schedule.o qag.o qag_internals.o qk.o qk_rules.o scm_utils.o strategy_expand.o strategy_version.o tf24_node.o tf24f_node.o uniroot.o util.o util_post_rcpp.o -L/usr/lib/R/lib -lR
installing to /tmp/Rtmp3MUXTa/devtools_install_249c48ac8416/00LOCK-wt-stepadj/00new/plant/libs
** checking absolute paths in shared objects and dynamic libraries
* DONE (plant)
